"Skolaar","Parent.Account.Name","Account.Name","Skolastig","Active.classes","Submissions","Similarity.Reports","X0..Similarity","X1.24..Similarity","X25.49..Similarity","X50.74..Similarity","X75.100..Similarity","Submissions.with.Feedback","Submissions.Scored.with.a.Rubric","Total.Feedback..Comments.and.Marks.","Summary.Text.Comments","Voice.Comments","QuickMarks","Bubble.Comments","Inline.Text.Comments","ETS.e.rater.Marks","Strikethrough.Marks","Grading.Form.Marks","Peer.Reviews.Created"
"2013-2014","Hólabrekkuskóli","Hólabrekkuskóli","Adrir",2,102,101,61,36,1,0,3,47,43,38,22,4,2,10,0,0,0,0,0
"2014-2015","Hólabrekkuskóli","Hólabrekkuskóli","Adrir",6,346,341,282,37,8,4,10,246,242,306,51,0,16,225,14,0,0,0,0
"2015-2016","Hólabrekkuskóli","Hólabrekkuskóli","Adrir",8,387,375,259,72,10,17,17,180,177,120,7,0,6,107,0,0,0,0,0
"2016-2017","Hólabrekkuskóli","Hólabrekkuskóli","Adrir",2,140,189,131,51,2,3,2,107,105,45,13,0,0,32,0,0,0,0,0
"2017-2018","Keilir - Center of Excellence","Keilir - Center of Excellence","Adrir",6,753,838,238,431,95,38,36,408,317,750,291,0,64,352,18,0,25,0,0
"2018-2019","Keilir - Center of Excellence","Keilir - Center of Excellence","Adrir",4,249,335,63,240,19,8,5,135,52,733,61,0,281,191,167,6,27,0,0
"2019-2020","Keilir - Center of Excellence","Keilir - Center of Excellence","Adrir",3,153,250,85,97,43,16,9,42,0,147,40,0,38,63,0,0,6,0,0
"2019-2020","Keilir - Center of Excellence","menntaskolinn","Adrir",4,170,168,85,74,8,0,1,37,35,448,1,0,0,240,207,0,0,0,0
"2018-2019","Miðstöð símenntunar á Suðurnesjum","Miðstöð símenntunar á Suðurnesjum","Adrir",1,13,13,1,5,2,4,1,2,0,11,0,0,11,0,0,0,0,0,0
"2019-2020","Miðstöð símenntunar á Suðurnesjum","Miðstöð símenntunar á Suðurnesjum","Adrir",3,285,204,26,121,37,10,8,141,0,143,140,0,0,2,1,0,0,0,0
"2017-2018","Borgarholtsskóli","Borgarholtsskóli","Framhaldsskólar",1,11,11,10,1,0,0,0,0,0,0,0,0,0,0,0,0,0,0,0
"2018-2019","Borgarholtsskóli","Borgarholtsskóli","Framhaldsskólar",34,1101,1216,458,579,126,27,26,413,0,1977,325,0,443,649,467,0,93,0,0
"2019-2020","Borgarholtsskóli","Borgarholtsskóli","Framhaldsskólar",45,1587,1585,406,799,217,103,45,455,8,1906,366,3,325,842,354,0,16,0,0
"2017-2018","Fjölbrautaskóli Snæfellinga","Fjölbrautaskóli Snæfellinga","Framhaldsskólar",3,66,66,29,36,1,0,0,2,0,3,2,0,0,1,0,0,0,0,0
"2018-2019","Fjölbrautaskóli Snæfellinga","Fjölbrautaskóli Snæfellinga","Framhaldsskólar",53,5852,4979,813,1903,1139,763,361,3002,254,16334,2149,7,3675,6034,270,0,717,3482,0
"2019-2020","Fjölbrautaskóli Snæfellinga","Fjölbrautaskóli Snæfellinga","Framhaldsskólar",50,6486,5324,680,2016,1363,908,342,3728,298,16351,2441,19,2343,8043,1030,0,885,1590,0
"2017-2018","Fjölbrautaskóli Suðurlands","Fjölbrautaskóli Suðurlands","Framhaldsskólar",5,114,131,43,65,15,2,6,0,0,0,0,0,0,0,0,0,0,0,0
"2018-2019","Fjölbrautaskóli Suðurlands","Fjölbrautaskóli Suðurlands","Framhaldsskólar",42,2751,3206,1100,1542,325,150,89,173,0,643,154,0,348,86,45,0,10,0,0
"2019-2020","Fjölbrautaskóli Suðurlands","Fjölbrautaskóli Suðurlands","Framhaldsskólar",55,4533,4564,1106,1894,789,491,272,57,0,88,47,0,19,20,2,0,0,0,0
"2017-2018","Fjölbrautaskóli Suðurnesja","Fjölbrautaskóli Suðurnesja","Framhaldsskólar",7,166,204,36,115,30,7,16,19,0,222,0,0,4,42,111,0,65,0,0
"2018-2019","Fjölbrautaskóli Suðurnesja","Fjölbrautaskóli Suðurnesja","Framhaldsskólar",26,1585,2031,310,1301,243,65,112,552,22,4593,11,0,676,1402,2021,0,483,0,0
"2019-2020","Fjölbrautaskóli Suðurnesja","Fjölbrautaskóli Suðurnesja","Framhaldsskólar",43,1915,2192,343,990,414,227,204,299,9,2066,2,0,0,165,1634,0,265,0,0
"2018-2019","Fjölbrautaskóli Vesturlands","Fjölbrautaskóli Vesturlands","Framhaldsskólar",15,482,602,119,386,68,21,8,270,28,1640,144,0,551,928,17,0,0,0,1
"2019-2020","Fjölbrautaskóli Vesturlands","Fjölbrautaskóli Vesturlands","Framhaldsskólar",25,825,1067,178,589,201,67,27,385,123,3220,235,0,765,1552,665,0,3,0,0
"2017-2018","Fjölbrautaskólinn í Breiðholti","Fjölbrautaskólinn í Breiðholti","Framhaldsskólar",1,15,15,1,2,1,2,9,2,0,2,2,0,0,0,0,0,0,0,0
"2018-2019","Fjölbrautaskólinn í Breiðholti","Fjölbrautaskólinn í Breiðholti","Framhaldsskólar",28,591,590,107,429,41,8,5,163,0,2009,140,0,2,1740,106,0,21,0,0
"2019-2020","Fjölbrautaskólinn í Breiðholti","Fjölbrautaskólinn í Breiðholti","Framhaldsskólar",29,747,753,60,595,69,18,10,182,0,1583,162,0,226,1195,0,0,0,0,0
"2016-2017","Fjölbrautaskólinn í Garðabæ","Fjölbrautaskólinn í Garðabæ","Framhaldsskólar",26,3700,3663,1060,1378,623,408,194,1482,957,7714,282,0,287,4205,1027,1833,80,0,0
"2017-2018","Fjölbrautaskólinn í Garðabæ","Fjölbrautaskólinn í Garðabæ","Framhaldsskólar",35,3464,3466,1002,1317,544,408,195,1291,813,9600,245,0,1928,4079,264,2947,134,3,0
"2018-2019","Fjölbrautaskólinn í Garðabæ","Fjölbrautaskólinn í Garðabæ","Framhaldsskólar",104,5882,6903,2299,3046,933,426,199,2711,1754,15955,594,0,3564,6444,2901,964,1488,0,0
"2019-2020","Fjölbrautaskólinn í Garðabæ","Fjölbrautaskólinn í Garðabæ","Framhaldsskólar",92,6966,7162,1760,3294,1063,621,359,3493,1668,19599,1030,31,2927,8239,2195,4983,194,0,9
"2018-2019","Fjölbrautaskólinn við Ármúla","Fjölbrautaskólinn við Ármúla","Framhaldsskólar",9,361,374,90,245,31,6,2,62,0,374,41,0,18,281,3,0,31,0,0
"2019-2020","Fjölbrautaskólinn við Ármúla","Fjölbrautaskólinn við Ármúla","Framhaldsskólar",22,607,673,336,277,39,13,8,159,0,913,107,0,1,729,34,0,42,0,2
"2018-2019","Flensborgarskólinn í Hafnarfirði","Flensborgarskólinn í Hafnarfirði","Framhaldsskólar",32,1049,1353,377,581,295,73,27,316,0,1450,200,0,28,1165,9,0,48,0,0
"2019-2020","Flensborgarskólinn í Hafnarfirði","Flensborgarskólinn í Hafnarfirði","Framhaldsskólar",46,2044,2745,654,919,672,369,126,512,69,2844,321,0,1081,1117,254,0,71,0,0
"2018-2019","Framhaldsskólinn á Laugum","Framhaldsskólinn á Laugum","Framhaldsskólar",3,56,44,15,18,3,7,1,1,0,1,1,0,0,0,0,0,0,0,0
"2019-2020","Framhaldsskólinn á Laugum","Framhaldsskólinn á Laugum","Framhaldsskólar",9,461,659,209,299,61,46,42,25,0,576,1,0,3,534,13,0,25,0,0
"2017-2018","Framhaldsskólinn í Mosfellsbæ","Framhaldsskólinn í Mosfellsbæ","Framhaldsskólar",3,46,46,41,4,1,0,0,0,0,0,0,0,0,0,0,0,0,0,0
"2018-2019","Framhaldsskólinn í Mosfellsbæ","Framhaldsskólinn í Mosfellsbæ","Framhaldsskólar",44,2475,2665,1005,1147,309,91,113,523,23,6430,450,0,4446,1454,21,0,59,0,0
"2019-2020","Framhaldsskólinn í Mosfellsbæ","Framhaldsskólinn í Mosfellsbæ","Framhaldsskólar",32,3071,3071,540,1322,701,393,104,305,31,3703,253,17,2678,649,2,0,104,0,0
"2017-2018","Framhaldsskólinn í Vestmannaeyjum","Framhaldsskólinn í Vestmannaeyjum","Framhaldsskólar",3,43,65,6,5,15,16,23,28,0,87,27,0,0,60,0,0,0,0,0
"2018-2019","Framhaldsskólinn í Vestmannaeyjum","Framhaldsskólinn í Vestmannaeyjum","Framhaldsskólar",9,398,474,183,243,29,12,7,231,0,1632,224,0,2,1191,123,0,92,0,0
"2019-2020","Framhaldsskólinn í Vestmannaeyjum","Framhaldsskólinn í Vestmannaeyjum","Framhaldsskólar",11,279,279,17,176,63,10,7,85,2,455,20,0,31,183,121,0,100,0,0
"2018-2019","Kvennaskólinn í Reykjavík","Kvennaskólinn í Reykjavík","Framhaldsskólar",23,575,650,209,386,43,11,1,274,117,4846,191,0,1038,404,241,2865,102,5,0
"2019-2020","Kvennaskólinn í Reykjavík","Kvennaskólinn í Reykjavík","Framhaldsskólar",54,2473,2716,484,973,534,491,214,446,146,7443,272,1,2561,1310,138,3080,81,0,0
"2018-2019","Menntaskóli Borgarfjarðar","Menntaskóli Borgarfjarðar","Framhaldsskólar",4,168,199,127,57,7,3,5,64,1,93,61,4,15,6,2,0,5,0,0
"2019-2020","Menntaskóli Borgarfjarðar","Menntaskóli Borgarfjarðar","Framhaldsskólar",2,43,48,33,11,2,2,0,14,0,14,14,0,0,0,0,0,0,0,0
"2017-2018","Menntaskólinn á Akureyri","Menntaskólinn á Akureyri","Framhaldsskólar",1,10,7,2,4,0,0,1,2,0,2,0,0,0,2,0,0,0,0,0
"2018-2019","Menntaskólinn á Akureyri","Menntaskólinn á Akureyri","Framhaldsskólar",13,844,1283,88,1056,90,19,30,303,21,7022,200,37,2107,2095,1394,0,1189,0,0
"2019-2020","Menntaskólinn á Akureyri","Menntaskólinn á Akureyri","Framhaldsskólar",25,2459,4003,1396,2095,368,49,83,1202,154,16125,657,8,5352,4159,3828,0,2073,48,0
"2018-2019","Menntaskólinn á Ísafirði","Menntaskólinn á Ísafirði","Framhaldsskólar",20,2422,2303,1091,927,194,55,36,1166,411,3398,442,7,1431,1352,0,0,166,0,0
"2019-2020","Menntaskólinn á Ísafirði","Menntaskólinn á Ísafirði","Framhaldsskólar",17,841,804,234,418,93,26,30,193,24,567,156,1,133,276,0,0,1,0,0
"2017-2018","Menntaskólinn á Tröllaskaga","Menntaskólinn á Tröllaskaga","Framhaldsskólar",5,180,159,124,28,4,3,0,0,0,0,0,0,0,0,0,0,0,0,0
"2018-2019","Menntaskólinn á Tröllaskaga","Menntaskólinn á Tröllaskaga","Framhaldsskólar",14,2621,5217,3226,1494,382,91,24,1503,0,21286,1304,0,6408,1913,6002,0,5659,0,0
"2019-2020","Menntaskólinn á Tröllaskaga","Menntaskólinn á Tröllaskaga","Framhaldsskólar",3,58,69,38,19,12,0,0,0,0,0,0,0,0,0,0,0,0,0,0
"2014-2015","Menntaskólinn að Laugarvatni","Menntaskólinn að Laugarvatni","Framhaldsskólar",4,137,135,46,73,9,1,6,65,17,909,57,0,208,324,193,0,127,0,0
"2015-2016","Menntaskólinn að Laugarvatni","Menntaskólinn að Laugarvatni","Framhaldsskólar",35,1800,1726,884,647,111,53,31,716,101,4050,299,0,1096,2502,48,0,105,0,0
"2016-2017","Menntaskólinn að Laugarvatni","Menntaskólinn að Laugarvatni","Framhaldsskólar",20,1349,1499,407,520,170,228,174,181,40,934,25,0,328,581,0,0,0,0,0
"2017-2018","Menntaskólinn að Laugarvatni","Menntaskólinn að Laugarvatni","Framhaldsskólar",20,1019,855,270,477,55,29,24,540,68,4275,98,0,445,2197,1130,0,405,0,0
"2018-2019","Menntaskólinn að Laugarvatni","Menntaskólinn að Laugarvatni","Framhaldsskólar",35,2257,1956,710,1032,109,34,71,1100,380,9026,446,0,1422,3294,2623,0,1241,0,0
"2019-2020","Menntaskólinn að Laugarvatni","Menntaskólinn að Laugarvatni","Framhaldsskólar",34,2580,2433,498,1312,273,195,152,1670,396,11689,1028,0,2420,6191,654,0,1396,0,0
"2017-2018","Menntaskólinn í Kópavogi","Menntaskólinn í Kópavogi","Framhaldsskólar",1,51,51,0,51,0,0,0,0,0,0,0,0,0,0,0,0,0,0,0
"2018-2019","Menntaskólinn í Kópavogi","Menntaskólinn í Kópavogi","Framhaldsskólar",29,1785,2178,652,919,298,188,121,250,9,1385,123,0,725,308,195,0,34,0,0
"2019-2020","Menntaskólinn í Kópavogi","Menntaskólinn í Kópavogi","Framhaldsskólar",10,711,863,253,306,167,87,37,96,0,219,92,0,8,116,0,0,3,0,0
"2018-2019","Menntaskólinn í Reykjavík","Menntaskólinn í Reykjavík","Framhaldsskólar",4,294,323,191,124,4,2,2,0,0,0,0,0,0,0,0,0,0,0,0
"2019-2020","Menntaskólinn í Reykjavík","Menntaskólinn í Reykjavík","Framhaldsskólar",4,957,1035,344,541,86,48,14,34,0,34,34,0,0,0,0,0,0,0,0
"2018-2019","Menntaskólinn við Hamrahlíð","Menntaskólinn við Hamrahlíð","Framhaldsskólar",60,1848,2012,616,1245,112,20,19,420,229,6878,249,0,3263,1647,266,1076,354,23,0
"2019-2020","Menntaskólinn við Hamrahlíð","Menntaskólinn við Hamrahlíð","Framhaldsskólar",110,5064,5311,1156,2465,680,819,170,1967,539,23522,1475,13,6027,3601,2122,8173,1235,876,0
"2017-2018","Menntaskólinn við Sund","Menntaskólinn við Sund","Framhaldsskólar",3,275,275,58,158,31,10,18,11,0,51,7,0,0,44,0,0,0,0,0
"2018-2019","Menntaskólinn við Sund","Menntaskólinn við Sund","Framhaldsskólar",31,2909,3578,916,1775,565,117,205,1093,230,7999,439,0,2583,1504,2107,637,729,0,10
"2019-2020","Menntaskólinn við Sund","Menntaskólinn við Sund","Framhaldsskólar",34,5209,7135,1127,3450,1440,599,459,1410,423,6079,512,0,2046,1765,1475,0,138,143,0
"2018-2019","Tækniskólinn","Tækniskólinn","Framhaldsskólar",5,211,334,106,189,30,3,6,189,50,3391,220,0,182,182,4,2790,13,0,0
"2019-2020","Tækniskólinn","Tækniskólinn","Framhaldsskólar",3,80,151,34,76,25,10,6,64,0,1272,94,0,16,37,3,1116,6,0,0
"2017-2018","Verkmenntaskóli Austurlands","Verkmenntaskóli Austurlands","Framhaldsskólar",1,17,17,1,7,8,1,0,0,0,0,0,0,0,0,0,0,0,0,0
"2018-2019","Verkmenntaskóli Austurlands","Verkmenntaskóli Austurlands","Framhaldsskólar",55,2536,2143,518,1051,336,178,60,1092,444,7172,488,16,1051,4167,534,0,632,284,0
"2019-2020","Verkmenntaskóli Austurlands","Verkmenntaskóli Austurlands","Framhaldsskólar",30,1435,1351,351,653,188,125,32,720,240,3147,446,0,341,1353,635,0,372,0,0
"2017-2018","Verkmenntaskólinn á Akureyri","Verkmenntaskólinn á Akureyri","Framhaldsskólar",4,124,155,18,119,6,3,9,34,0,360,13,1,25,303,2,0,16,0,1
"2018-2019","Verkmenntaskólinn á Akureyri","Verkmenntaskólinn á Akureyri","Framhaldsskólar",22,1241,1279,179,726,186,69,119,436,237,5874,46,0,3962,1673,186,0,7,0,0
"2019-2020","Verkmenntaskólinn á Akureyri","Verkmenntaskólinn á Akureyri","Framhaldsskólar",36,2387,2704,246,1125,475,402,431,1366,760,11161,74,0,7490,2139,1248,0,210,0,0
"2012-2013","Verzlunarskóli Íslands","Verzlunarskóli Íslands","Framhaldsskólar",30,1298,1298,452,671,111,33,31,370,44,11076,133,0,3453,840,6650,0,0,0,0
"2013-2014","Verzlunarskóli Íslands","Verzlunarskóli Íslands","Framhaldsskólar",89,6817,6812,4130,2230,215,86,151,1533,48,23773,548,0,7586,3279,12360,0,0,0,0
"2014-2015","Verzlunarskóli Íslands","Verzlunarskóli Íslands","Framhaldsskólar",103,5983,5980,3192,2274,309,77,128,1558,45,23963,605,0,8725,2789,11844,0,0,0,0
"2015-2016","Verzlunarskóli Íslands","Verzlunarskóli Íslands","Framhaldsskólar",97,6204,6194,2991,2837,206,64,96,1307,40,13965,436,0,6262,1471,5796,0,0,0,0
"2016-2017","Verzlunarskóli Íslands","Verzlunarskóli Íslands","Framhaldsskólar",76,5751,6086,2922,2735,228,45,156,1086,0,8281,225,0,3513,836,3707,0,0,0,0
"2017-2018","Verzlunarskóli Íslands","Verzlunarskóli Íslands","Framhaldsskólar",87,4101,5376,1952,2996,191,50,187,966,59,5591,344,0,2495,59,2522,0,171,0,0
"2018-2019","Verzlunarskóli Íslands","Verzlunarskóli Íslands","Framhaldsskólar",111,3709,4539,1900,2313,171,45,110,263,0,1610,171,0,734,173,490,0,42,0,0
"2019-2020","Verzlunarskóli Íslands","Verzlunarskóli Íslands","Framhaldsskólar",146,6430,7567,1995,4024,858,442,217,601,0,3113,389,0,1159,350,1213,0,2,0,0
"2011-2012","Háskólinn á Bifröst","Bifröst - kennslukerfi","Háskólar",2,23,23,1,10,7,4,1,0,0,0,0,0,0,0,0,0,0,0,0
"2012-2013","Háskólinn á Bifröst","Bifröst - kennslukerfi","Háskólar",3,99,99,28,43,24,4,0,1,0,1,0,0,0,1,0,0,0,0,0
"2013-2014","Háskólinn á Bifröst","Bifröst - kennslukerfi","Háskólar",5,138,138,15,73,11,26,13,NA,NA,201,1,0,170,30,0,0,0,0,0
"2014-2015","Háskólinn á Bifröst","Bifröst - kennslukerfi","Háskólar",14,778,778,114,475,57,25,107,NA,NA,2743,119,0,1871,726,0,0,27,0,0
"2015-2016","Háskólinn á Bifröst","Bifröst - kennslukerfi","Háskólar",14,675,604,25,440,94,19,26,NA,NA,5,0,1,2,2,0,0,0,0,0
"2016-2017","Háskólinn á Bifröst","Bifröst - kennslukerfi","Háskólar",15,969,1545,126,1129,172,30,88,NA,NA,5,0,0,3,2,0,0,0,0,0
"2017-2018","Háskólinn á Bifröst","Bifröst - kennslukerfi","Háskólar",16,806,1089,102,726,152,29,80,NA,NA,954,29,0,190,29,12,668,26,0,0
"2018-2019","Háskólinn á Bifröst","Bifröst - kennslukerfi","Háskólar",15,982,1098,75,829,164,17,13,NA,NA,0,0,0,0,0,0,0,0,0,0
"2019-2020","Háskólinn á Bifröst","Bifröst - kennslukerfi","Háskólar",10,949,946,34,683,176,12,31,0,0,0,0,0,0,0,0,0,0,0,0
"2012-2013","Háskóli Íslands","Félagsvísindasvið","Háskólar",27,1350,1289,168,922,154,31,14,NA,NA,535,41,3,283,207,1,0,0,0,0
"2013-2014","Háskóli Íslands","Félagsvísindasvið","Háskólar",43,2607,2564,116,1948,196,70,234,NA,NA,1477,102,0,398,826,151,0,0,0,0
"2014-2015","Háskóli Íslands","Félagsvísindasvið","Háskólar",56,3875,3513,189,2774,389,58,103,NA,NA,4927,204,0,1466,3245,11,0,1,0,108
"2015-2016","Háskóli Íslands","Félagsvísindasvið","Háskólar",56,3075,2886,153,2253,342,53,85,NA,NA,6967,326,0,2700,3920,20,0,1,0,0
"2016-2017","Háskóli Íslands","Félagsvísindasvið","Háskólar",50,3530,4806,225,3754,523,80,224,NA,NA,2342,376,0,507,1364,0,0,26,69,0
"2017-2018","Háskóli Íslands","Félagsvísindasvið","Háskólar",47,3406,4507,213,3406,676,56,156,NA,NA,1479,325,0,3,1071,0,0,5,75,0
"2018-2019","Háskóli Íslands","Félagsvísindasvið","Háskólar",30,2991,3866,246,2880,604,61,75,NA,NA,1608,214,0,252,785,354,0,3,0,0
"2019-2020","Háskóli Íslands","Félagsvísindasvið","Háskólar",14,1611,2546,4,1892,602,26,20,52,1,58,50,0,2,6,0,0,0,0,0
"2014-2015","Háskólinn í Reykjavík","Frumgreinar","Háskólar",1,17,17,0,14,3,0,0,0,0,0,0,0,0,0,0,0,0,0,0
"2011-2012","Háskóli Íslands","Háskóli Íslands","Háskólar",2,33,31,5,19,1,0,6,0,0,0,0,0,0,0,0,0,0,0,0
"2012-2013","Háskóli Íslands","Háskóli Íslands","Háskólar",19,1547,1423,206,1068,93,17,39,121,0,1161,0,0,7,1138,16,0,0,0,0
"2013-2014","Háskóli Íslands","Háskóli Íslands","Háskólar",25,1941,1925,406,1251,160,39,69,NA,NA,1419,10,0,239,538,0,0,26,606,0
"2014-2015","Háskóli Íslands","Háskóli Íslands","Háskólar",42,1635,1577,295,1065,92,27,98,NA,NA,651,69,0,2,266,39,0,0,275,0
"2015-2016","Háskóli Íslands","Háskóli Íslands","Háskólar",60,3925,3650,504,2652,294,43,157,NA,NA,7045,700,22,1385,4166,307,0,40,425,0
"2016-2017","Háskóli Íslands","Háskóli Íslands","Háskólar",76,4323,5664,413,4465,601,52,133,NA,NA,13337,827,5,3592,7353,301,0,33,1226,0
"2017-2018","Háskóli Íslands","Háskóli Íslands","Háskólar",71,4485,6480,645,4779,710,95,251,NA,NA,7947,605,0,1868,4269,312,0,372,521,0
"2018-2019","Háskóli Íslands","Háskóli Íslands","Háskólar",136,9128,18560,2786,12114,2247,733,680,1729,518,24769,1039,15,2292,5220,1089,13435,522,1157,170
"2019-2020","Háskóli Íslands","Háskóli Íslands","Háskólar",161,14144,30542,4387,18804,4977,1087,956,4607,1824,51995,2555,48,5610,11795,2251,25194,1535,3007,1
"2012-2013","Háskólinn á Akureyri","Háskólinn á Akureyri","Háskólar",8,210,189,5,120,16,5,43,24,0,707,19,0,277,264,73,0,74,0,0
"2013-2014","Háskólinn á Akureyri","Háskólinn á Akureyri","Háskólar",12,498,497,5,394,71,18,9,45,0,85,0,0,1,84,0,0,0,0,0
"2014-2015","Háskólinn á Akureyri","Háskólinn á Akureyri","Háskólar",44,2511,2432,247,1629,356,89,111,NA,NA,2425,540,0,276,1609,0,0,0,0,0
"2015-2016","Háskólinn á Akureyri","Háskólinn á Akureyri","Háskólar",44,1829,1743,257,1211,180,30,65,435,1,3426,42,0,746,2613,25,0,0,0,0
"2016-2017","Háskólinn á Akureyri","Háskólinn á Akureyri","Háskólar",57,2589,2976,262,1986,367,142,219,849,0,5741,304,0,2889,2548,0,0,0,0,0
"2017-2018","Háskólinn á Akureyri","Háskólinn á Akureyri","Háskólar",61,2927,3274,254,2175,346,228,271,370,4,3017,57,0,894,1804,75,0,187,0,0
"2018-2019","Háskólinn á Akureyri","Háskólinn á Akureyri","Háskólar",72,3891,4411,307,2557,683,289,575,674,206,6152,330,0,2317,2772,324,0,157,252,0
"2019-2020","Háskólinn á Akureyri","Háskólinn á Akureyri","Háskólar",76,5006,7460,567,4101,1798,709,277,1080,321,7588,551,0,2552,3261,238,0,192,794,0
"2016-2017","Háskólinn á Bifröst","Háskólinn á Bifröst","Háskólar",1,40,61,0,58,2,0,1,0,0,0,0,0,0,0,0,0,0,0,0
"2017-2018","Háskólinn á Bifröst","Háskólinn á Bifröst","Háskólar",2,43,43,0,39,1,0,3,0,0,0,0,0,0,0,0,0,0,0,0
"2018-2019","Háskólinn á Bifröst","Háskólinn á Bifröst","Háskólar",1,31,31,1,21,4,5,0,0,0,0,0,0,0,0,0,0,0,0,0
"2013-2014","Háskólinn á Hólum","Háskólinn á Hólum","Háskólar",11,475,475,23,369,21,22,40,4,0,4,0,0,0,4,0,0,0,0,0
"2014-2015","Háskólinn á Hólum","Háskólinn á Hólum","Háskólar",6,141,141,1,116,18,3,3,0,0,0,0,0,0,0,0,0,0,0,0
"2015-2016","Háskólinn á Hólum","Háskólinn á Hólum","Háskólar",9,328,325,8,271,24,7,15,0,0,0,0,0,0,0,0,0,0,0,0
"2016-2017","Háskólinn á Hólum","Háskólinn á Hólum","Háskólar",6,184,185,21,105,20,19,20,0,0,0,0,0,0,0,0,0,0,0,0
"2017-2018","Háskólinn á Hólum","Háskólinn á Hólum","Háskólar",9,210,209,6,174,18,8,3,1,0,1,0,0,0,1,0,0,0,0,0
"2018-2019","Háskólinn á Hólum","Háskólinn á Hólum","Háskólar",5,126,126,4,114,7,1,0,0,0,0,0,0,0,0,0,0,0,0,0
"2019-2020","Háskólinn á Hólum","Háskólinn á Hólum","Háskólar",5,107,107,1,73,22,6,5,0,0,0,0,0,0,0,0,0,0,0,0
"2013-2014","Háskólinn í Reykjavík","Háskólinn í Reykjavík","Háskólar",1,10,0,0,0,0,0,0,NA,NA,0,0,0,0,0,0,0,0,0,0
"2014-2015","Háskólinn í Reykjavík","Háskólinn í Reykjavík","Háskólar",1,11,0,0,0,0,0,0,NA,NA,0,0,0,0,0,0,0,0,0,0
"2012-2013","Háskólinn í Reykjavík","Háskólinn í Reykjavík","Háskólar",3,109,109,0,68,26,2,13,0,0,0,0,0,0,0,0,0,0,0,0
"2013-2014","Háskólinn í Reykjavík","Háskólinn í Reykjavík","Háskólar",3,89,57,0,35,9,3,10,0,0,0,0,0,0,0,0,0,0,0,0
"2014-2015","Háskólinn í Reykjavík","Háskólinn í Reykjavík","Háskólar",4,129,125,1,80,32,6,6,0,0,0,0,0,0,0,0,0,0,0,0
"2015-2016","Háskólinn í Reykjavík","Háskólinn í Reykjavík","Háskólar",4,136,106,0,91,12,0,3,0,0,0,0,0,0,0,0,0,0,0,0
"2016-2017","Háskólinn í Reykjavík","Háskólinn í Reykjavík","Háskólar",11,633,848,30,692,83,5,38,2,0,2,0,0,1,1,0,0,0,0,0
"2017-2018","Háskólinn í Reykjavík","Háskólinn í Reykjavík","Háskólar",14,777,907,96,668,129,7,7,282,245,604,27,0,9,568,0,0,0,0,118
"2018-2019","Háskólinn í Reykjavík","Háskólinn í Reykjavík","Háskólar",20,1101,1213,65,682,340,20,106,94,24,2496,12,0,1645,166,0,0,5,668,0
"2019-2020","Háskólinn í Reykjavík","Háskólinn í Reykjavík","Háskólar",9,859,1098,92,708,169,38,13,43,29,159,29,0,7,121,2,0,0,0,79
"2011-2012","Háskóli Íslands","Heilbrigðisvísindasvið","Háskólar",1,10,9,0,0,6,0,3,0,0,0,0,0,0,0,0,0,0,0,0
"2012-2013","Háskóli Íslands","Heilbrigðisvísindasvið","Háskólar",1,45,45,0,39,4,0,2,NA,NA,1,0,0,1,0,0,0,0,0,0
"2013-2014","Háskóli Íslands","Heilbrigðisvísindasvið","Háskólar",2,74,74,1,68,5,0,0,NA,NA,1,0,0,0,1,0,0,0,0,0
"2014-2015","Háskóli Íslands","Heilbrigðisvísindasvið","Háskólar",17,1179,1138,134,847,45,7,105,NA,NA,11,0,0,8,3,0,0,0,0,0
"2015-2016","Háskóli Íslands","Heilbrigðisvísindasvið","Háskólar",28,2411,2114,87,1483,202,20,322,NA,NA,688,0,0,74,614,0,0,0,0,0
"2016-2017","Háskóli Íslands","Heilbrigðisvísindasvið","Háskólar",41,3163,4179,183,3576,345,20,55,NA,NA,241,0,0,14,137,90,0,0,0,0
"2017-2018","Háskóli Íslands","Heilbrigðisvísindasvið","Háskólar",37,2433,4941,278,4293,304,2,64,NA,NA,449,39,0,1,293,0,0,0,116,0
"2018-2019","Háskóli Íslands","Heilbrigðisvísindasvið","Háskólar",42,2316,3532,201,2876,379,29,47,NA,NA,140,0,0,0,129,11,0,0,0,0
"2019-2020","Háskóli Íslands","Heilbrigðisvísindasvið","Háskólar",23,2384,3822,65,2782,900,47,19,NA,NA,1651,15,0,127,488,880,127,14,0,0
"2012-2013","Háskóli Íslands","Hugvísindasvið","Háskólar",4,100,100,7,82,11,0,0,1,0,1,0,0,1,0,0,0,0,0,0
"2013-2014","Háskóli Íslands","Hugvísindasvið","Háskólar",8,211,211,21,160,16,5,9,1,0,1,0,0,0,1,0,0,0,0,0
"2014-2015","Háskóli Íslands","Hugvísindasvið","Háskólar",9,579,579,85,446,14,5,29,NA,NA,186,0,0,1,185,0,0,0,0,0
"2015-2016","Háskóli Íslands","Hugvísindasvið","Háskólar",15,347,313,14,276,11,1,11,NA,NA,410,57,0,154,189,10,0,0,0,0
"2016-2017","Háskóli Íslands","Hugvísindasvið","Háskólar",10,176,252,5,218,14,8,7,NA,NA,1,0,0,0,1,0,0,0,0,0
"2017-2018","Háskóli Íslands","Hugvísindasvið","Háskólar",9,308,356,21,285,44,3,3,0,0,0,0,0,0,0,0,0,0,0,0
"2018-2019","Háskóli Íslands","Hugvísindasvið","Háskólar",10,338,350,32,274,29,4,11,1,0,1,0,0,0,1,0,0,0,0,0
"2019-2020","Háskóli Íslands","Hugvísindasvið","Háskólar",6,219,278,22,205,27,6,18,1,1,29,0,0,9,20,0,0,0,0,0
"2012-2013","Háskólinn í Reykjavík","Íþróttafræði","Háskólar",1,63,63,2,56,3,0,2,0,0,0,0,0,0,0,0,0,0,0,0
"2013-2014","Háskólinn í Reykjavík","Íþróttafræði","Háskólar",2,87,87,1,79,1,0,6,0,0,0,0,0,0,0,0,0,0,0,0
"2014-2015","Háskólinn í Reykjavík","Íþróttafræði","Háskólar",2,107,107,0,103,1,0,3,0,0,0,0,0,0,0,0,0,0,0,0
"2015-2016","Háskólinn í Reykjavík","Íþróttafræði","Háskólar",5,296,267,13,242,8,2,2,0,0,0,0,0,0,0,0,0,0,0,0
"2016-2017","Háskólinn í Reykjavík","Íþróttafræði","Háskólar",5,200,278,12,235,8,3,20,0,0,0,0,0,0,0,0,0,0,0,0
"2013-2014","Háskóli Íslands","Kennslumiðstöð","Háskólar",1,33,33,0,15,4,4,10,0,0,0,0,0,0,0,0,0,0,0,0
"2014-2015","Háskóli Íslands","Kennslumiðstöð","Háskólar",1,18,16,3,7,2,0,4,0,0,0,0,0,0,0,0,0,0,0,0
"2012-2013","Landbúnaðarháskóli Íslands","Landbúnaðarháskóli Íslands","Háskólar",1,16,16,0,16,0,0,0,0,0,0,0,0,0,0,0,0,0,0,0
"2013-2014","Landbúnaðarháskóli Íslands","Landbúnaðarháskóli Íslands","Háskólar",3,98,89,0,67,12,2,8,3,0,3,0,0,0,3,0,0,0,0,0
"2014-2015","Landbúnaðarháskóli Íslands","Landbúnaðarháskóli Íslands","Háskólar",2,95,89,4,60,10,6,9,3,0,3,0,0,0,3,0,0,0,0,0
"2013-2014","Listaháskóli Íslands","Listaháskóli Íslands","Háskólar",1,26,26,0,26,0,0,0,0,0,0,0,0,0,0,0,0,0,0,0
"2014-2015","Listaháskóli Íslands","Listaháskóli Íslands","Háskólar",2,60,60,0,59,0,1,0,0,0,0,0,0,0,0,0,0,0,0,0
"2015-2016","Listaháskóli Íslands","Listaháskóli Íslands","Háskólar",3,42,30,0,29,1,0,0,NA,NA,0,0,0,0,0,0,0,0,0,0
"2016-2017","Listaháskóli Íslands","Listaháskóli Íslands","Háskólar",3,152,156,1,129,2,5,19,0,0,0,0,0,0,0,0,0,0,0,0
"2017-2018","Listaháskóli Íslands","Listaháskóli Íslands","Háskólar",3,115,126,2,123,0,0,1,0,0,0,0,0,0,0,0,0,0,0,0
"2018-2019","Listaháskóli Íslands","Listaháskóli Íslands","Háskólar",5,122,151,1,138,4,7,1,0,0,0,0,0,0,0,0,0,0,0,0
"2019-2020","Listaháskóli Íslands","Listaháskóli Íslands","Háskólar",2,100,151,0,145,4,0,2,0,0,0,0,0,0,0,0,0,0,0,0
"2014-2015","Háskólinn í Reykjavík","Lögfræði","Háskólar",3,65,65,0,65,0,0,0,0,0,0,0,0,0,0,0,0,0,0,0
"2015-2016","Háskólinn í Reykjavík","Lögfræði","Háskólar",1,33,33,0,30,2,1,0,0,0,0,0,0,0,0,0,0,0,0,0
"2016-2017","Háskólinn í Reykjavík","Lögfræði","Háskólar",3,186,211,0,172,36,1,2,0,0,0,0,0,0,0,0,0,0,0,0
"2011-2012","Háskóli Íslands","Menntavísindasvið","Háskólar",1,13,13,0,3,1,0,9,0,0,0,0,0,0,0,0,0,0,0,0
"2012-2013","Háskóli Íslands","Menntavísindasvið","Háskólar",6,92,79,0,61,15,2,1,NA,NA,2,0,0,0,2,0,0,0,0,0
"2013-2014","Háskóli Íslands","Menntavísindasvið","Háskólar",12,489,486,2,364,89,10,21,NA,NA,6,0,0,0,6,0,0,0,0,0
"2014-2015","Háskóli Íslands","Menntavísindasvið","Háskólar",12,531,526,14,461,36,7,8,NA,NA,56,8,0,7,41,0,0,0,0,0
"2015-2016","Háskóli Íslands","Menntavísindasvið","Háskólar",7,418,370,5,315,38,5,7,NA,NA,0,0,0,0,0,0,0,0,0,0
"2016-2017","Háskóli Íslands","Menntavísindasvið","Háskólar",8,258,340,1,264,57,5,13,NA,NA,93,0,0,0,93,0,0,0,0,0
"2017-2018","Háskóli Íslands","Menntavísindasvið","Háskólar",8,403,565,2,454,91,5,13,NA,NA,354,0,0,0,2,0,0,0,352,0
"2018-2019","Háskóli Íslands","Menntavísindasvið","Háskólar",4,201,316,3,265,39,6,3,0,0,0,0,0,0,0,0,0,0,0,0
"2012-2013","Háskólinn í Reykjavík","Sálfræði","Háskólar",1,98,98,0,56,42,0,0,0,0,0,0,0,0,0,0,0,0,0,0
"2013-2014","Háskólinn í Reykjavík","Sálfræði","Háskólar",5,229,207,1,142,56,2,6,0,0,0,0,0,0,0,0,0,0,0,0
"2014-2015","Háskólinn í Reykjavík","Sálfræði","Háskólar",4,284,284,7,160,108,3,6,NA,NA,1,0,0,0,1,0,0,0,0,0
"2015-2016","Háskólinn í Reykjavík","Sálfræði","Háskólar",9,980,977,37,594,246,53,47,NA,NA,0,0,0,0,0,0,0,0,0,0
"2016-2017","Háskólinn í Reykjavík","Sálfræði","Háskólar",9,783,1088,26,642,366,46,8,143,72,3688,1,47,2694,78,0,92,81,695,0
"2019-2020","Háskólinn í Reykjavík","Sálfræði","Háskólar",1,27,53,2,42,6,0,3,0,0,0,0,0,0,0,0,0,0,0,0
"2012-2013","Háskólinn í Reykjavík","Tækni- og verkfræðideild","Háskólar",1,13,13,0,5,3,5,0,0,0,0,0,0,0,0,0,0,0,0,0
"2013-2014","Háskólinn í Reykjavík","Tækni- og verkfræðideild","Háskólar",2,150,150,8,115,19,6,2,1,0,10,0,0,8,0,2,0,0,0,0
"2014-2015","Háskólinn í Reykjavík","Tækni- og verkfræðideild","Háskólar",3,111,111,3,69,17,10,12,69,0,1097,0,0,20,1036,41,0,0,0,101
"2015-2016","Háskólinn í Reykjavík","Tækni- og verkfræðideild","Háskólar",1,58,58,18,40,0,0,0,64,0,1034,0,0,32,1001,1,0,0,0,88
"2016-2017","Háskólinn í Reykjavík","Tækni- og verkfræðideild","Háskólar",2,67,69,0,42,13,5,9,1,0,1,0,0,0,1,0,0,0,0,0
"2017-2018","Háskólinn í Reykjavík","Tækni- og verkfræðideild","Háskólar",1,29,29,0,19,6,3,1,0,0,0,0,0,0,0,0,0,0,0,0
"2018-2019","Háskólinn í Reykjavík","Tækni- og verkfræðideild","Háskólar",1,33,33,0,14,8,9,2,0,0,0,0,0,0,0,0,0,0,0,0
"2016-2017","Háskóli Íslands","Þverfræðilegt framhaldsnám","Háskólar",2,111,115,6,81,21,4,3,0,0,0,0,0,0,0,0,0,0,0,0
"2017-2018","Háskóli Íslands","Þverfræðilegt framhaldsnám","Háskólar",3,118,123,13,88,16,4,2,0,0,0,0,0,0,0,0,0,0,0,0
"2018-2019","Háskóli Íslands","Þverfræðilegt framhaldsnám","Háskólar",4,104,100,3,69,24,4,0,0,0,0,0,0,0,0,0,0,0,0,0
"2019-2020","Háskóli Íslands","Þverfræðilegt framhaldsnám","Háskólar",2,117,111,2,80,24,1,4,0,0,0,0,0,0,0,0,0,0,0,0
"2012-2013","Háskólinn í Reykjavík","Tölvunarfræðideild","Háskólar",1,87,87,0,71,14,2,0,0,0,0,0,0,0,0,0,0,0,0,0
"2013-2014","Háskólinn í Reykjavík","Tölvunarfræðideild","Háskólar",1,54,54,0,47,7,0,0,0,0,0,0,0,0,0,0,0,0,0,0
"2014-2015","Háskólinn í Reykjavík","Tölvunarfræðideild","Háskólar",2,139,139,2,117,17,2,1,85,82,247,81,0,92,70,4,0,0,0,0
"2015-2016","Háskólinn í Reykjavík","Tölvunarfræðideild","Háskólar",1,686,686,60,412,192,20,2,717,609,1815,86,0,77,1645,7,0,0,0,237
"2016-2017","Háskólinn í Reykjavík","Tölvunarfræðideild","Háskólar",1,407,458,21,339,79,19,0,296,277,786,38,0,134,614,0,0,0,0,66
"2018-2019","University Centre of the Westfjords","University Centre of the Westfjords","Háskólar",8,141,241,2,187,44,3,5,0,0,0,0,0,0,0,0,0,0,0,0
"2019-2020","University Centre of the Westfjords","University Centre of the Westfjords","Háskólar",2,31,31,0,22,3,2,1,0,0,0,0,0,0,0,0,0,0,0,0
"2011-2012","Háskóli Íslands","Verkfræði- og náttúruvísindasvið","Háskólar",1,54,53,0,28,23,2,0,0,0,0,0,0,0,0,0,0,0,0,0
"2012-2013","Háskóli Íslands","Verkfræði- og náttúruvísindasvið","Háskólar",1,13,13,0,4,4,3,2,0,0,0,0,0,0,0,0,0,0,0,0
"2013-2014","Háskóli Íslands","Verkfræði- og náttúruvísindasvið","Háskólar",2,55,55,0,43,1,2,9,12,12,247,5,0,35,207,0,0,0,0,0
"2014-2015","Háskóli Íslands","Verkfræði- og náttúruvísindasvið","Háskólar",5,141,141,6,131,4,0,0,6,4,181,3,0,47,76,25,0,30,0,0
"2015-2016","Háskóli Íslands","Verkfræði- og náttúruvísindasvið","Háskólar",7,271,271,30,225,12,3,1,NA,NA,122,10,0,13,61,38,0,0,0,0
"2016-2017","Háskóli Íslands","Verkfræði- og náttúruvísindasvið","Háskólar",9,398,408,20,305,71,8,4,NA,NA,369,13,0,14,342,0,0,0,0,0
"2017-2018","Háskóli Íslands","Verkfræði- og náttúruvísindasvið","Háskólar",10,317,448,10,396,38,3,1,NA,NA,48,0,0,0,38,0,0,10,0,0
"2018-2019","Háskóli Íslands","Verkfræði- og náttúruvísindasvið","Háskólar",12,393,395,10,346,31,6,2,NA,NA,17,16,0,0,1,0,0,0,0,0
"2019-2020","Háskóli Íslands","Verkfræði- og náttúruvísindasvið","Háskólar",8,234,230,4,159,51,11,3,NA,NA,889,13,0,0,0,0,876,0,0,0
"2012-2013","Háskólinn í Reykjavík","Viðskiptadeild","Háskólar",3,70,70,1,43,20,3,3,0,0,0,0,0,0,0,0,0,0,0,0
"2013-2014","Háskólinn í Reykjavík","Viðskiptadeild","Háskólar",9,193,193,6,140,35,4,8,3,0,5,0,0,3,2,0,0,0,0,0
"2014-2015","Háskólinn í Reykjavík","Viðskiptadeild","Háskólar",6,309,281,31,175,57,5,13,2,0,3,0,0,1,2,0,0,0,0,0
"2015-2016","Háskólinn í Reykjavík","Viðskiptadeild","Háskólar",14,750,727,168,407,84,20,48,1,0,1,0,0,0,1,0,0,0,0,0
"2016-2017","Háskólinn í Reykjavík","Viðskiptadeild","Háskólar",13,725,854,73,647,105,20,9,2,0,3,0,0,2,1,0,0,0,0,0
"2017-2018","Háskólinn í Reykjavík","Viðskiptadeild","Háskólar",1,22,22,0,6,16,0,0,0,0,0,0,0,0,0,0,0,0,0,0
"2018-2019","Háskólinn í Reykjavík","Viðskiptadeild","Háskólar",2,50,69,24,18,3,2,22,0,0,0,0,0,0,0,0,0,0,0,0
