"Skolaar","Skolastig","Parent Account Name","Account Name","Active Instructors","Submissions","Similarity Reports","0% Similarity","1-24% Similarity","25-49% Similarity","50-74% Similarity","75-100% Similarity","Total Feedback (Comments and Marks)","Summary Text Comments","Voice Comments","QuickMarks","Bubble Comments","Inline Text Comments","ETS e-rater Marks","Strikethrough Marks","Grading Form Marks","Peer Reviews Created"
"2014-2015","Háskólar","Háskóli Íslands","Árnastofnun",1,1,1,1,0,0,0,0,0,0,0,0,0,0,0,0,0,0
"2011-2012","Háskólar","Háskólinn á Bifröst","Bifröst - kennslukerfi",4,19,18,3,11,2,1,1,0,0,0,0,0,0,0,0,0,0
"2012-2013","Háskólar","Háskólinn á Bifröst","Bifröst - kennslukerfi",7,88,86,28,22,31,5,0,1,0,0,1,0,0,0,0,0,0
"2013-2014","Háskólar","Háskólinn á Bifröst","Bifröst - kennslukerfi",5,133,132,16,64,13,26,12,201,1,0,170,30,0,0,0,0,0
"2014-2015","Háskólar","Háskólinn á Bifröst","Bifröst - kennslukerfi",8,524,531,113,272,41,17,32,2742,119,0,1871,725,0,0,27,0,0
"2015-2016","Háskólar","Háskólinn á Bifröst","Bifröst - kennslukerfi",9,538,543,11,388,89,19,31,4,0,0,1,3,0,0,0,0,0
"2016-2017","Háskólar","Háskólinn á Bifröst","Bifröst - kennslukerfi",10,758,1361,108,1016,145,25,40,5,0,0,3,2,0,0,0,0,0
"2017-2018","Háskólar","Háskólinn á Bifröst","Bifröst - kennslukerfi",10,683,975,70,699,133,26,43,951,27,0,190,28,12,668,26,0,0
"2018-2019","Háskólar","Háskólinn á Bifröst","Bifröst - kennslukerfi",7,811,927,26,716,158,18,7,0,0,0,0,0,0,0,0,0,0
"2019-2020","Háskólar","Háskólinn á Bifröst","Bifröst - kennslukerfi",6,885,882,31,652,174,11,6,0,0,0,0,0,0,0,0,0,0
"2017-2018","Framhaldsskólar","Borgarholtsskóli","Borgarholtsskóli",1,11,11,10,1,0,0,0,0,0,0,0,0,0,0,0,0,0
"2018-2019","Framhaldsskólar","Borgarholtsskóli","Borgarholtsskóli",19,1156,1282,501,601,120,27,31,3339,450,1,562,972,1130,0,224,0,0
"2019-2020","Framhaldsskólar","Borgarholtsskóli","Borgarholtsskóli",19,1582,1581,398,799,224,101,43,2252,425,3,325,1116,367,0,16,0,0
"2011-2012","Háskólar","Háskóli Íslands","Félagsvísindasvið",2,3,2,0,2,0,0,0,0,0,0,0,0,0,0,0,0,0
"2012-2013","Háskólar","Háskóli Íslands","Félagsvísindasvið",22,1280,1231,158,867,153,35,10,526,42,3,278,202,1,0,0,0,0
"2013-2014","Háskólar","Háskóli Íslands","Félagsvísindasvið",30,2034,1982,119,1515,147,54,40,1449,101,0,398,799,151,0,0,0,0
"2014-2015","Háskólar","Háskóli Íslands","Félagsvísindasvið",28,2883,2758,178,2112,325,48,78,4153,129,0,1168,2844,11,0,1,0,108
"2015-2016","Háskólar","Háskóli Íslands","Félagsvísindasvið",32,2532,2386,145,1880,234,39,68,6865,308,0,2627,3909,20,0,1,0,3
"2016-2017","Háskólar","Háskóli Íslands","Félagsvísindasvið",28,3237,4536,157,3573,513,80,158,1992,376,0,305,1216,0,0,26,69,0
"2017-2018","Háskólar","Háskóli Íslands","Félagsvísindasvið",27,3355,4555,215,3470,651,54,104,1488,326,0,6,1076,0,0,5,75,0
"2018-2019","Háskólar","Háskóli Íslands","Félagsvísindasvið",19,2787,3918,258,2818,594,68,154,1608,214,0,252,785,354,0,3,0,0
"2019-2020","Háskólar","Háskóli Íslands","Félagsvísindasvið",12,1444,2385,4,1813,521,22,23,144,50,0,2,5,87,0,0,0,0
"2017-2018","Framhaldsskólar","Fjölbrautaskóli Snæfellinga","Fjölbrautaskóli Snæfellinga",3,69,69,29,38,2,0,0,3,2,0,0,1,0,0,0,0,0
"2018-2019","Framhaldsskólar","Fjölbrautaskóli Snæfellinga","Fjölbrautaskóli Snæfellinga",17,6525,5628,892,2085,1346,903,346,19307,2458,7,4985,6358,316,0,777,4406,0
"2019-2020","Framhaldsskólar","Fjölbrautaskóli Snæfellinga","Fjölbrautaskóli Snæfellinga",23,9024,7262,971,2599,1931,1294,417,19998,3480,19,3569,8886,1268,0,982,1794,0
"2017-2018","Framhaldsskólar","Fjölbrautaskóli Suðurlands","Fjölbrautaskóli Suðurlands",5,83,100,25,55,12,2,0,0,0,0,0,0,0,0,0,0,0
"2018-2019","Framhaldsskólar","Fjölbrautaskóli Suðurlands","Fjölbrautaskóli Suðurlands",17,2670,3128,1071,1516,309,144,43,644,155,0,348,86,45,0,10,0,0
"2019-2020","Framhaldsskólar","Fjölbrautaskóli Suðurlands","Fjölbrautaskóli Suðurlands",28,4698,4727,1128,1999,824,484,255,124,57,0,32,27,2,0,6,0,0
"2017-2018","Framhaldsskólar","Fjölbrautaskóli Suðurnesja","Fjölbrautaskóli Suðurnesja",10,184,239,36,145,30,7,17,222,0,0,4,42,111,0,65,0,0
"2018-2019","Framhaldsskólar","Fjölbrautaskóli Suðurnesja","Fjölbrautaskóli Suðurnesja",22,3783,5689,361,4460,532,129,184,5223,46,0,812,1426,2452,0,487,0,0
"2019-2020","Framhaldsskólar","Fjölbrautaskóli Suðurnesja","Fjölbrautaskóli Suðurnesja",15,1928,2226,358,989,423,233,197,2066,2,0,0,165,1634,0,265,0,0
"2018-2019","Framhaldsskólar","Fjölbrautaskóli Vesturlands","Fjölbrautaskóli Vesturlands",9,494,635,141,385,70,25,8,1803,168,0,623,995,17,0,0,0,1
"2019-2020","Framhaldsskólar","Fjölbrautaskóli Vesturlands","Fjölbrautaskóli Vesturlands",17,949,1251,188,719,238,67,34,3820,299,0,1030,1689,799,0,3,0,0
"2017-2018","Framhaldsskólar","Fjölbrautaskólinn í Breiðholti","Fjölbrautaskólinn í Breiðholti",2,4,4,0,0,0,0,2,4,4,0,0,0,0,0,0,0,0
"2018-2019","Framhaldsskólar","Fjölbrautaskólinn í Breiðholti","Fjölbrautaskólinn í Breiðholti",20,759,761,110,579,47,12,5,2150,142,0,1,1879,106,0,22,0,0
"2019-2020","Framhaldsskólar","Fjölbrautaskólinn í Breiðholti","Fjölbrautaskólinn í Breiðholti",14,734,750,67,587,68,19,8,1634,178,0,219,1237,0,0,0,0,0
"2016-2017","Framhaldsskólar","Fjölbrautaskólinn í Garðabæ","Fjölbrautaskólinn í Garðabæ",27,2389,2367,665,923,390,261,101,7542,295,0,260,4045,1031,1833,78,0,0
"2017-2018","Framhaldsskólar","Fjölbrautaskólinn í Garðabæ","Fjölbrautaskólinn í Garðabæ",26,2108,2120,544,882,327,247,96,9291,247,0,1882,3884,265,2890,120,3,0
"2018-2019","Framhaldsskólar","Fjölbrautaskólinn í Garðabæ","Fjölbrautaskólinn í Garðabæ",27,5855,6903,2284,3066,927,428,152,16981,651,0,3602,6895,2910,1428,1495,0,0
"2019-2020","Framhaldsskólar","Fjölbrautaskólinn í Garðabæ","Fjölbrautaskólinn í Garðabæ",26,6951,7158,1679,3362,1073,622,318,20101,1065,31,2946,8451,2208,5206,194,0,9
"2017-2018","Framhaldsskólar","Fjölbrautaskólinn við Ármúla","Fjölbrautaskólinn við Ármúla",3,23,19,0,8,0,0,8,0,0,0,0,0,0,0,0,0,0
"2018-2019","Framhaldsskólar","Fjölbrautaskólinn við Ármúla","Fjölbrautaskólinn við Ármúla",10,455,517,103,358,43,11,2,375,41,0,18,282,3,0,31,0,1
"2019-2020","Framhaldsskólar","Fjölbrautaskólinn við Ármúla","Fjölbrautaskólinn við Ármúla",20,900,1002,393,493,78,26,10,1099,153,0,1,846,56,0,43,0,4
"2018-2019","Framhaldsskólar","Flensborgarskólinn í Hafnarfirði","Flensborgarskólinn í Hafnarfirði",14,1085,1390,389,601,297,74,17,1475,211,0,38,1167,9,0,50,0,0
"2019-2020","Framhaldsskólar","Flensborgarskólinn í Hafnarfirði","Flensborgarskólinn í Hafnarfirði",18,2011,2712,640,901,676,361,117,3027,330,0,1170,1200,256,0,71,0,0
"2018-2019","Framhaldsskólar","Framhaldsskólinn á Laugum","Framhaldsskólinn á Laugum",7,286,243,102,101,13,26,1,1,1,0,0,0,0,0,0,0,0
"2019-2020","Framhaldsskólar","Framhaldsskólinn á Laugum","Framhaldsskólinn á Laugum",11,2394,3464,1063,1585,344,238,198,1919,1,0,18,1710,77,0,113,0,0
"2017-2018","Framhaldsskólar","Framhaldsskólinn í Mosfellsbæ","Framhaldsskólinn í Mosfellsbæ",3,21,66,47,18,1,0,0,0,0,0,0,0,0,0,0,0,0
"2018-2019","Framhaldsskólar","Framhaldsskólinn í Mosfellsbæ","Framhaldsskólinn í Mosfellsbæ",15,2261,2465,906,1082,284,84,66,6391,451,2,4446,1412,21,0,59,0,0
"2019-2020","Framhaldsskólar","Framhaldsskólinn í Mosfellsbæ","Framhaldsskólinn í Mosfellsbæ",12,4077,4077,792,1762,894,490,119,6685,456,69,4738,1255,5,0,162,0,0
"2017-2018","Framhaldsskólar","Framhaldsskólinn í Vestmannaeyjum","Framhaldsskólinn í Vestmannaeyjum",2,20,41,2,2,8,9,20,87,27,0,0,60,0,0,0,0,0
"2018-2019","Framhaldsskólar","Framhaldsskólinn í Vestmannaeyjum","Framhaldsskólinn í Vestmannaeyjum",6,424,509,185,272,32,12,3,1632,224,0,2,1191,123,0,92,0,0
"2019-2020","Framhaldsskólar","Framhaldsskólinn í Vestmannaeyjum","Framhaldsskólinn í Vestmannaeyjum",10,307,307,23,197,64,10,6,611,20,0,49,239,170,0,133,0,0
"2014-2015","Háskólar","Háskólinn í Reykjavík","Frumgreinar",1,13,13,0,11,2,0,0,0,0,0,0,0,0,0,0,0,0
"2015-2016","Háskólar","Háskólinn í Reykjavík","Frumgreinar",1,1,1,0,1,0,0,0,0,0,0,0,0,0,0,0,0,0
"2011-2012","Háskólar","Háskóli Íslands","Háskóli Íslands",2,40,36,6,21,1,0,3,2,0,0,1,1,0,0,0,0,0
"2012-2013","Háskólar","Háskóli Íslands","Háskóli Íslands",31,3060,2940,350,2276,236,29,29,1224,0,0,19,1189,16,0,0,0,0
"2013-2014","Háskólar","Háskóli Íslands","Háskóli Íslands",60,5437,5723,961,4101,462,100,51,3029,11,0,561,1063,0,0,26,1368,0
"2014-2015","Háskólar","Háskóli Íslands","Háskóli Íslands",71,8615,7818,2243,4682,345,269,161,1101,266,0,3,425,42,0,0,365,1
"2015-2016","Háskólar","Háskóli Íslands","Háskóli Íslands",105,10681,10239,1438,7389,827,122,180,19072,2282,22,4061,11634,608,0,40,425,0
"2016-2017","Háskólar","Háskóli Íslands","Háskóli Íslands",141,12890,17917,1191,14110,2022,167,262,58441,3245,5,14495,33887,729,0,258,5822,0
"2017-2018","Háskólar","Háskóli Íslands","Háskóli Íslands",127,10227,14664,1182,11294,1445,182,284,19213,1647,0,4369,11627,345,6,703,516,0
"2018-2019","Háskólar","Háskóli Íslands","Háskóli Íslands",303,107136,279704,45839,178126,33388,12135,6770,153642,6886,31,6721,27946,3117,100940,1463,6538,2466
"2019-2020","Háskólar","Háskóli Íslands","Háskóli Íslands",324,166456,436925,64374,263794,72829,14893,7982,471372,21952,53,35172,108972,13323,234616,9202,48082,3
"2011-2012","Háskólar","Háskólinn á Akureyri","Háskólinn á Akureyri",1,1,1,0,1,0,0,0,0,0,0,0,0,0,0,0,0,0
"2012-2013","Háskólar","Háskólinn á Akureyri","Háskólinn á Akureyri",26,589,451,9,271,49,13,60,1413,38,0,552,529,146,0,148,0,0
"2013-2014","Háskólar","Háskólinn á Akureyri","Háskólinn á Akureyri",65,2553,2653,7,2402,124,17,47,98,0,0,0,98,0,0,0,0,0
"2014-2015","Háskólar","Háskólinn á Akureyri","Háskólinn á Akureyri",67,5184,5019,339,3713,487,130,245,3622,947,0,431,2244,0,0,0,0,0
"2015-2016","Háskólar","Háskólinn á Akureyri","Háskólinn á Akureyri",70,4760,4497,269,3482,442,61,192,6066,42,0,781,5218,25,0,0,0,0
"2016-2017","Háskólar","Háskólinn á Akureyri","Háskólinn á Akureyri",86,6374,9359,365,7088,1031,312,419,10027,1041,0,4022,4964,0,0,0,0,0
"2017-2018","Háskólar","Háskólinn á Akureyri","Háskólinn á Akureyri",102,8577,12666,403,7386,1737,645,1953,5478,78,0,1835,3209,128,0,228,0,0
"2018-2019","Háskólar","Háskólinn á Akureyri","Háskólinn á Akureyri",123,11077,12988,771,8472,2414,786,313,22118,654,0,8562,10784,1027,0,587,504,1
"2019-2020","Háskólar","Háskólinn á Akureyri","Háskólinn á Akureyri",134,26405,53605,1827,30760,15268,4534,1098,26480,1252,0,8267,12964,1746,0,627,1624,0
"2011-2012","Háskólar","Háskólinn á Hólum","Háskólinn á Hólum",1,3,3,0,1,0,1,1,0,0,0,0,0,0,0,0,0,0
"2013-2014","Háskólar","Háskólinn á Hólum","Háskólinn á Hólum",5,327,334,21,260,17,11,8,23,0,0,4,19,0,0,0,0,0
"2014-2015","Háskólar","Háskólinn á Hólum","Háskólinn á Hólum",2,51,51,0,31,13,3,2,0,0,0,0,0,0,0,0,0,0
"2015-2016","Háskólar","Háskólinn á Hólum","Háskólinn á Hólum",6,163,167,7,138,13,2,2,0,0,0,0,0,0,0,0,0,0
"2016-2017","Háskólar","Háskólinn á Hólum","Háskólinn á Hólum",3,80,81,21,21,9,14,15,0,0,0,0,0,0,0,0,0,0
"2017-2018","Háskólar","Háskólinn á Hólum","Háskólinn á Hólum",3,57,57,4,45,6,1,0,0,0,0,0,0,0,0,0,0,0
"2018-2019","Háskólar","Háskólinn á Hólum","Háskólinn á Hólum",2,37,37,0,34,2,1,0,0,0,0,0,0,0,0,0,0,0
"2019-2020","Háskólar","Háskólinn á Hólum","Háskólinn á Hólum",3,20,20,0,5,3,6,6,0,0,0,0,0,0,0,0,0,0
"2011-2012","Háskólar","Háskólinn í Reykjavík","Háskólinn í Reykjavík",1,4,4,0,1,3,0,0,0,0,0,0,0,0,0,0,0,0
"2012-2013","Háskólar","Háskólinn í Reykjavík","Háskólinn í Reykjavík",6,123,123,2,73,28,5,14,0,0,0,0,0,0,0,0,0,0
"2013-2014","Háskólar","Háskólinn í Reykjavík","Háskólinn í Reykjavík",3,102,51,0,39,3,1,8,0,0,0,0,0,0,0,0,0,0
"2014-2015","Háskólar","Háskólinn í Reykjavík","Háskólinn í Reykjavík",3,145,129,1,83,32,7,6,0,0,0,0,0,0,0,0,0,0
"2015-2016","Háskólar","Háskólinn í Reykjavík","Háskólinn í Reykjavík",5,145,136,3,101,16,7,8,1,0,0,0,1,0,0,0,0,0
"2016-2017","Háskólar","Háskólinn í Reykjavík","Háskólinn í Reykjavík",8,591,785,30,638,75,4,33,1,0,0,0,1,0,0,0,0,0
"2017-2018","Háskólar","Háskólinn í Reykjavík","Háskólinn í Reykjavík",26,1068,1308,153,954,181,9,9,604,27,0,9,568,0,0,0,0,118
"2018-2019","Háskólar","Háskólinn í Reykjavík","Háskólinn í Reykjavík",36,3098,3980,123,1995,1702,42,16,7258,31,0,4747,465,0,0,11,2004,0
"2019-2020","Háskólar","Háskólinn í Reykjavík","Háskólinn í Reykjavík",15,1075,1379,97,945,201,42,19,159,29,0,7,121,2,0,0,0,79
"2011-2012","Háskólar","Háskóli Íslands","Heilbrigðisvísindasvið",2,12,11,0,2,3,0,3,2,0,0,2,0,0,0,0,0,0
"2012-2013","Háskólar","Háskóli Íslands","Heilbrigðisvísindasvið",1,10,11,1,9,1,0,0,2,0,0,0,2,0,0,0,0,0
"2013-2014","Háskólar","Háskóli Íslands","Heilbrigðisvísindasvið",4,26,26,1,20,1,0,0,0,0,0,0,0,0,0,0,0,0
"2014-2015","Háskólar","Háskóli Íslands","Heilbrigðisvísindasvið",5,28,26,0,23,1,0,0,12,0,0,12,0,0,0,0,0,0
"2015-2016","Háskólar","Háskóli Íslands","Heilbrigðisvísindasvið",6,38,25,0,17,3,3,0,0,0,0,0,0,0,0,0,0,0
"2016-2017","Háskólar","Háskóli Íslands","Heilbrigðisvísindasvið",8,634,783,4,733,31,0,14,9,0,0,3,4,2,0,0,0,0
"2017-2018","Háskólar","Háskóli Íslands","Heilbrigðisvísindasvið",9,79,96,11,61,15,2,7,75,0,0,0,75,0,0,0,0,0
"2018-2019","Háskólar","Háskóli Íslands","Heilbrigðisvísindasvið",8,49,51,0,37,11,1,2,0,0,0,0,0,0,0,0,0,0
"2019-2020","Háskólar","Háskóli Íslands","Heilbrigðisvísindasvið",13,137,148,2,126,15,3,1,377,15,0,33,172,30,127,0,0,0
"2013-2014","Annað","Hólabrekkuskóli","Hólabrekkuskóli",1,66,66,32,31,1,0,0,18,6,1,1,10,0,0,0,0,0
"2014-2015","Annað","Hólabrekkuskóli","Hólabrekkuskóli",7,473,456,333,78,18,7,12,426,60,0,25,307,34,0,0,0,0
"2015-2016","Annað","Hólabrekkuskóli","Hólabrekkuskóli",14,1149,1145,624,381,46,51,40,526,17,0,33,476,0,0,0,0,0
"2016-2017","Annað","Hólabrekkuskóli","Hólabrekkuskóli",6,331,453,274,146,18,11,4,244,26,0,8,210,0,0,0,0,0
"2017-2018","Annað","Hólabrekkuskóli","Hólabrekkuskóli",4,27,63,51,12,0,0,0,0,0,0,0,0,0,0,0,0,0
"2011-2012","Háskólar","Háskóli Íslands","Hugvísindasvið",1,2,2,0,1,0,0,0,0,0,0,0,0,0,0,0,0,0
"2012-2013","Háskólar","Háskóli Íslands","Hugvísindasvið",7,92,92,7,76,8,0,0,1,0,0,1,0,0,0,0,0,0
"2013-2014","Háskólar","Háskóli Íslands","Hugvísindasvið",4,102,102,6,81,6,1,0,0,0,0,0,0,0,0,0,0,0
"2014-2015","Háskólar","Háskóli Íslands","Hugvísindasvið",8,493,493,29,416,13,6,19,186,0,0,1,185,0,0,0,0,0
"2015-2016","Háskólar","Háskóli Íslands","Hugvísindasvið",7,129,111,9,88,6,1,4,15,0,0,0,5,10,0,0,0,0
"2016-2017","Háskólar","Háskóli Íslands","Hugvísindasvið",9,89,103,1,81,10,5,3,0,0,0,0,0,0,0,0,0,0
"2017-2018","Háskólar","Háskóli Íslands","Hugvísindasvið",8,188,254,3,205,41,2,2,0,0,0,0,0,0,0,0,0,0
"2018-2019","Háskólar","Háskóli Íslands","Hugvísindasvið",9,271,309,29,242,26,1,4,1,0,0,0,1,0,0,0,0,0
"2019-2020","Háskólar","Háskóli Íslands","Hugvísindasvið",11,173,233,20,183,20,2,6,508,4,0,9,29,0,466,0,0,0
"2012-2013","Háskólar","Háskólinn í Reykjavík","Íþróttafræði",1,62,63,2,56,3,0,0,0,0,0,0,0,0,0,0,0,0
"2013-2014","Háskólar","Háskólinn í Reykjavík","Íþróttafræði",1,88,94,1,84,3,0,6,0,0,0,0,0,0,0,0,0,0
"2014-2015","Háskólar","Háskólinn í Reykjavík","Íþróttafræði",2,119,124,0,116,4,0,2,2,0,0,2,0,0,0,0,0,0
"2015-2016","Háskólar","Háskólinn í Reykjavík","Íþróttafræði",2,317,291,14,262,10,1,3,0,0,0,0,0,0,0,0,0,0
"2016-2017","Háskólar","Háskólinn í Reykjavík","Íþróttafræði",2,206,309,12,263,9,3,20,0,0,0,0,0,0,0,0,0,0
"2017-2018","Háskólar","Háskólinn í Reykjavík","Íþróttafræði",1,1,1,0,1,0,0,0,0,0,0,0,0,0,0,0,0,0
"2017-2018","Annað","Keilir - Center of Excellence","Keilir - Center of Excellence",8,1575,1725,398,960,210,85,42,1201,585,0,130,408,33,0,38,7,0
"2018-2019","Annað","Keilir - Center of Excellence","Keilir - Center of Excellence",5,327,475,67,357,29,13,8,989,61,0,406,212,277,6,27,0,0
"2019-2020","Annað","Keilir - Center of Excellence","Keilir - Center of Excellence",13,940,1547,1019,332,146,32,18,294,80,0,76,126,0,0,12,0,0
"2011-2012","Háskólar","Háskóli Íslands","Kennslumálanefnd",1,7,7,2,0,0,0,1,0,0,0,0,0,0,0,0,0,0
"2012-2013","Háskólar","Háskóli Íslands","Kennslumiðstöð",1,2,2,0,1,0,0,0,0,0,0,0,0,0,0,0,0,0
"2013-2014","Háskólar","Háskóli Íslands","Kennslumiðstöð",1,42,34,0,16,4,4,9,0,0,0,0,0,0,0,0,0,0
"2014-2015","Háskólar","Háskóli Íslands","Kennslumiðstöð",1,21,26,4,13,3,1,2,4,0,1,1,1,1,0,0,0,0
"2015-2016","Háskólar","Háskóli Íslands","Kennslumiðstöð",1,8,0,0,0,0,0,0,0,0,0,0,0,0,0,0,0,0
"2016-2017","Háskólar","Háskóli Íslands","Kennslumiðstöð",1,5,10,1,2,6,0,0,0,0,0,0,0,0,0,0,0,0
"2012-2013","Háskólar","Háskóli Íslands","Kennslusvið",1,3,3,1,2,0,0,0,0,0,0,0,0,0,0,0,0,0
"2017-2018","Háskólar","Háskóli Íslands","Kennslusvið",1,1,1,0,1,0,0,0,0,0,0,0,0,0,0,0,0,0
"2017-2018","Framhaldsskólar","Kvennaskólinn í Reykjavík","Kvennaskólinn í Reykjavík",2,3,7,0,3,2,2,0,1,0,0,0,1,0,0,0,0,0
"2018-2019","Framhaldsskólar","Kvennaskólinn í Reykjavík","Kvennaskólinn í Reykjavík",8,584,676,233,389,42,11,1,6760,228,0,1244,668,788,3418,103,311,0
"2019-2020","Framhaldsskólar","Kvennaskólinn í Reykjavík","Kvennaskólinn í Reykjavík",17,2358,2602,455,974,501,450,198,8427,306,1,2638,1615,194,3564,109,0,0
"2012-2013","Háskólar","Landbúnaðarháskóli Íslands","Landbúnaðarháskóli Íslands",1,23,23,1,22,0,0,0,0,0,0,0,0,0,0,0,0,0
"2013-2014","Háskólar","Landbúnaðarháskóli Íslands","Landbúnaðarháskóli Íslands",14,302,281,0,217,26,9,11,9,0,0,0,9,0,0,0,0,0
"2014-2015","Háskólar","Landbúnaðarháskóli Íslands","Landbúnaðarháskóli Íslands",11,380,356,15,249,37,23,14,12,0,0,0,12,0,0,0,0,0
"2011-2012","Háskólar","Landsbókasafn Íslands - Háskólabókasafn","Landsbókasafn Íslands - Háskólabókasafn",2,5,5,0,1,0,0,3,5,0,0,1,4,0,0,0,0,0
"2013-2014","Háskólar","Listaháskóli Íslands","Listaháskóli Íslands",3,17,19,3,12,1,2,1,0,0,0,0,0,0,0,0,0,0
"2014-2015","Háskólar","Listaháskóli Íslands","Listaháskóli Íslands",4,75,76,0,75,0,1,0,0,0,0,0,0,0,0,0,0,0
"2015-2016","Háskólar","Listaháskóli Íslands","Listaháskóli Íslands",6,73,61,0,56,5,0,0,0,0,0,0,0,0,0,0,0,0
"2016-2017","Háskólar","Listaháskóli Íslands","Listaháskóli Íslands",4,165,177,1,143,3,5,21,0,0,0,0,0,0,0,0,0,0
"2017-2018","Háskólar","Listaháskóli Íslands","Listaháskóli Íslands",3,111,122,2,119,1,0,0,0,0,0,0,0,0,0,0,0,0
"2018-2019","Háskólar","Listaháskóli Íslands","Listaháskóli Íslands",2,123,169,1,150,7,10,1,0,0,0,0,0,0,0,0,0,0
"2019-2020","Háskólar","Listaháskóli Íslands","Listaháskóli Íslands",2,95,158,0,147,9,0,2,0,0,0,0,0,0,0,0,0,0
"2014-2015","Háskólar","Háskólinn í Reykjavík","Lögfræði",2,65,65,0,65,0,0,0,0,0,0,0,0,0,0,0,0,0
"2015-2016","Háskólar","Háskólinn í Reykjavík","Lögfræði",1,50,50,0,45,4,1,0,0,0,0,0,0,0,0,0,0,0
"2016-2017","Háskólar","Háskólinn í Reykjavík","Lögfræði",1,186,211,0,172,36,1,2,0,0,0,0,0,0,0,0,0,0
"2018-2019","Framhaldsskólar","Menntaskóli Borgarfjarðar","Menntaskóli Borgarfjarðar",14,283,432,291,108,5,9,0,130,100,12,3,0,0,0,15,0,0
"2019-2020","Framhaldsskólar","Menntaskóli Borgarfjarðar","Menntaskóli Borgarfjarðar",2,44,46,31,12,1,2,0,21,21,0,0,0,0,0,0,0,0
"2019-2020","Annað","Keilir - Center of Excellence","menntaskolinn",8,937,931,582,298,49,0,2,947,2,0,0,507,438,0,0,0,0
"2017-2018","Framhaldsskólar","Menntaskólinn á Akureyri","Menntaskólinn á Akureyri",4,29,20,4,16,0,0,0,4,0,0,0,4,0,0,0,0,0
"2018-2019","Framhaldsskólar","Menntaskólinn á Akureyri","Menntaskólinn á Akureyri",20,2290,3610,221,2925,296,77,48,21424,533,70,6197,6477,3955,0,4192,0,0
"2019-2020","Framhaldsskólar","Menntaskólinn á Akureyri","Menntaskólinn á Akureyri",29,6435,11729,3244,6922,1122,145,218,54668,1926,31,15862,17978,10187,0,8588,96,0
"2017-2018","Framhaldsskólar","Menntaskólinn á Ísafirði","Menntaskólinn á Ísafirði",1,26,26,2,21,3,0,0,0,0,0,0,0,0,0,0,0,0
"2018-2019","Framhaldsskólar","Menntaskólinn á Ísafirði","Menntaskólinn á Ísafirði",7,2466,2347,1116,954,191,55,28,3406,445,7,1439,1349,0,0,166,0,0
"2019-2020","Framhaldsskólar","Menntaskólinn á Ísafirði","Menntaskólinn á Ísafirði",11,889,852,239,453,101,26,27,571,157,1,133,279,0,0,1,0,0
"2017-2018","Framhaldsskólar","Menntaskólinn á Tröllaskaga","Menntaskólinn á Tröllaskaga",8,1496,1352,1016,280,32,24,0,0,0,0,0,0,0,0,0,0,0
"2018-2019","Framhaldsskólar","Menntaskólinn á Tröllaskaga","Menntaskólinn á Tröllaskaga",13,16950,37548,23654,10377,2712,625,111,140336,8575,0,36673,11553,43192,0,40343,0,0
"2019-2020","Framhaldsskólar","Menntaskólinn á Tröllaskaga","Menntaskólinn á Tröllaskaga",11,629,747,433,221,93,0,0,0,0,0,0,0,0,0,0,0,0
"2014-2015","Framhaldsskólar","Menntaskólinn að Laugarvatni","Menntaskólinn að Laugarvatni",5,148,146,56,75,9,1,4,1047,57,0,208,426,193,0,163,0,0
"2015-2016","Framhaldsskólar","Menntaskólinn að Laugarvatni","Menntaskólinn að Laugarvatni",12,1727,1663,829,640,110,55,21,4211,310,0,1126,2610,60,0,105,0,0
"2016-2017","Framhaldsskólar","Menntaskólinn að Laugarvatni","Menntaskólinn að Laugarvatni",9,1543,1777,522,611,201,251,185,962,25,0,328,609,0,0,0,0,0
"2017-2018","Framhaldsskólar","Menntaskólinn að Laugarvatni","Menntaskólinn að Laugarvatni",10,1392,1239,341,691,107,58,38,6236,106,0,1181,2674,1727,0,548,0,0
"2018-2019","Framhaldsskólar","Menntaskólinn að Laugarvatni","Menntaskólinn að Laugarvatni",12,2683,2372,709,1406,146,35,19,15091,559,0,1482,8937,2620,0,1493,0,0
"2019-2020","Framhaldsskólar","Menntaskólinn að Laugarvatni","Menntaskólinn að Laugarvatni",15,3179,3125,630,1809,327,218,99,16008,1184,0,2956,9447,785,0,1636,0,0
"2018-2019","Framhaldsskólar","Menntaskólinn í Kópavogi","Menntaskólinn í Kópavogi",42,3118,4106,1077,2049,599,239,94,2401,148,0,1132,690,396,0,35,0,0
"2019-2020","Framhaldsskólar","Menntaskólinn í Kópavogi","Menntaskólinn í Kópavogi",15,1424,1745,519,588,353,195,57,557,230,0,16,302,0,0,9,0,0
"2018-2019","Framhaldsskólar","Menntaskólinn í Reykjavík","Menntaskólinn í Reykjavík",6,269,305,173,123,4,3,2,0,0,0,0,0,0,0,0,0,0
"2019-2020","Framhaldsskólar","Menntaskólinn í Reykjavík","Menntaskólinn í Reykjavík",8,643,721,242,400,42,28,7,168,53,0,0,112,0,0,3,0,0
"2017-2018","Framhaldsskólar","Menntaskólinn við Hamrahlíð","Menntaskólinn við Hamrahlíð",1,4,0,0,0,0,0,0,0,0,0,0,0,0,0,0,0,0
"2018-2019","Framhaldsskólar","Menntaskólinn við Hamrahlíð","Menntaskólinn við Hamrahlíð",29,1793,1989,565,1271,111,21,11,7911,258,0,3402,1769,287,1817,355,23,1
"2019-2020","Framhaldsskólar","Menntaskólinn við Hamrahlíð","Menntaskólinn við Hamrahlíð",43,5343,5629,1239,2575,758,850,171,29451,1749,13,7293,4156,2555,11404,1399,882,0
"2017-2018","Framhaldsskólar","Menntaskólinn við Sund","Menntaskólinn við Sund",3,265,265,57,148,31,10,11,51,7,0,0,44,0,0,0,0,0
"2018-2019","Framhaldsskólar","Menntaskólinn við Sund","Menntaskólinn við Sund",20,1917,2667,751,1357,339,73,92,7853,496,0,2800,1423,1711,797,626,0,1
"2019-2020","Framhaldsskólar","Menntaskólinn við Sund","Menntaskólinn við Sund",21,3258,5256,771,2664,1047,396,293,6074,575,0,2052,1804,1441,0,154,48,0
"2011-2012","Háskólar","Háskóli Íslands","Menntavísindasvið",2,7,7,1,6,0,0,0,0,0,0,0,0,0,0,0,0,0
"2012-2013","Háskólar","Háskóli Íslands","Menntavísindasvið",8,60,59,3,43,9,2,1,3,0,0,0,3,0,0,0,0,0
"2013-2014","Háskólar","Háskóli Íslands","Menntavísindasvið",14,259,256,5,164,69,8,5,28,0,0,5,4,19,0,0,0,0
"2014-2015","Háskólar","Háskóli Íslands","Menntavísindasvið",17,311,309,13,245,33,2,4,53,7,0,5,41,0,0,0,0,0
"2015-2016","Háskólar","Háskóli Íslands","Menntavísindasvið",12,98,86,7,64,9,2,0,0,0,0,0,0,0,0,0,0,0
"2016-2017","Háskólar","Háskóli Íslands","Menntavísindasvið",11,83,136,4,74,26,6,23,1,0,0,0,1,0,0,0,0,0
"2017-2018","Háskólar","Háskóli Íslands","Menntavísindasvið",8,412,576,3,462,92,6,9,355,0,0,0,3,0,0,0,352,0
"2018-2019","Háskólar","Háskóli Íslands","Menntavísindasvið",9,209,324,4,270,40,7,2,5,0,0,0,0,0,0,0,5,0
"2019-2020","Háskólar","Háskóli Íslands","Menntavísindasvið",3,10,10,0,9,0,0,0,4,0,0,2,2,0,0,0,0,0
"2018-2019","Annað","Miðstöð símenntunar á Suðurnesjum","Miðstöð símenntunar á Suðurnesjum",2,6,6,0,4,0,2,0,0,0,0,0,0,0,0,0,0,0
"2019-2020","Annað","Miðstöð símenntunar á Suðurnesjum","Miðstöð símenntunar á Suðurnesjum",2,447,311,36,187,62,14,9,246,243,0,0,2,1,0,0,0,0
"2014-2015","Háskólar","Háskóli Íslands","Rannsóknasetur HÍ",1,2,2,0,0,0,0,1,0,0,0,0,0,0,0,0,0,0
"2015-2016","Háskólar","Háskóli Íslands","Rannsóknasetur HÍ",1,1,1,0,0,0,0,0,0,0,0,0,0,0,0,0,0,0
"2015-2016","Háskólar","Háskólinn í Reykjavík","Sálfræði",11,484,495,16,373,87,2,9,0,0,0,0,0,0,0,0,0,0
"2016-2017","Háskólar","Háskólinn í Reykjavík","Sálfræði",9,751,1070,26,620,367,46,7,3688,1,47,2694,78,0,92,81,695,0
"2017-2018","Háskólar","Háskólinn í Reykjavík","Sálfræði",1,2,2,0,1,0,1,0,0,0,0,0,0,0,0,0,0,0
"2018-2019","Háskólar","Háskólinn í Reykjavík","Sálfræði",1,1,1,0,0,1,0,0,0,0,0,0,0,0,0,0,0,0
"2019-2020","Háskólar","Háskólinn í Reykjavík","Sálfræði",1,26,51,2,42,4,0,1,0,0,0,0,0,0,0,0,0,0
"2014-2015","Háskólar","Háskóli Íslands","Sérsafn",1,8,8,4,0,0,0,1,0,0,0,0,0,0,0,0,0,0
"2015-2016","Háskólar","Háskóli Íslands","Sérsafn",1,2,0,0,0,0,0,0,0,0,0,0,0,0,0,0,0,0
"2012-2013","Háskólar","Háskólinn í Reykjavík","Tækni- og verkfræðideild",1,12,12,0,5,2,5,0,0,0,0,0,0,0,0,0,0,0
"2013-2014","Háskólar","Háskólinn í Reykjavík","Tækni- og verkfræðideild",1,68,68,3,56,7,2,0,0,0,0,0,0,0,0,0,0,0
"2014-2015","Háskólar","Háskólinn í Reykjavík","Tækni- og verkfræðideild",3,80,80,2,54,12,2,8,1097,0,0,20,1036,41,0,0,0,101
"2015-2016","Háskólar","Háskólinn í Reykjavík","Tækni- og verkfræðideild",2,78,78,21,50,5,2,0,1034,0,0,32,1001,1,0,0,0,88
"2016-2017","Háskólar","Háskólinn í Reykjavík","Tækni- og verkfræðideild",2,71,73,0,44,15,5,7,1,0,0,0,1,0,0,0,0,0
"2017-2018","Háskólar","Háskólinn í Reykjavík","Tækni- og verkfræðideild",1,30,30,0,20,6,3,1,0,0,0,0,0,0,0,0,0,0
"2018-2019","Háskólar","Háskólinn í Reykjavík","Tækni- og verkfræðideild",1,33,33,0,14,8,9,2,0,0,0,0,0,0,0,0,0,0
"2019-2020","Háskólar","Háskólinn í Reykjavík","Tækni- og verkfræðideild",1,3,3,0,2,1,0,0,0,0,0,0,0,0,0,0,0,0
"2018-2019","Framhaldsskólar","Tækniskólinn","Tækniskólinn",5,233,359,115,199,32,5,8,3391,220,0,182,182,4,2790,13,0,0
"2019-2020","Framhaldsskólar","Tækniskólinn","Tækniskólinn",2,79,149,32,76,25,10,5,1272,94,0,16,37,3,1116,6,0,0
"2015-2016","Háskólar","Háskóli Íslands","Þverfræðilegt framhaldsnám",1,6,6,0,3,1,0,1,0,0,0,0,0,0,0,0,0,0
"2016-2017","Háskólar","Háskóli Íslands","Þverfræðilegt framhaldsnám",2,100,104,6,72,19,4,3,0,0,0,0,0,0,0,0,0,0
"2017-2018","Háskólar","Háskóli Íslands","Þverfræðilegt framhaldsnám",2,110,115,10,85,14,4,2,0,0,0,0,0,0,0,0,0,0
"2018-2019","Háskólar","Háskóli Íslands","Þverfræðilegt framhaldsnám",3,105,101,3,69,23,5,1,0,0,0,0,0,0,0,0,0,0
"2019-2020","Háskólar","Háskóli Íslands","Þverfræðilegt framhaldsnám",1,108,102,2,72,22,0,6,0,0,0,0,0,0,0,0,0,0
"2012-2013","Háskólar","Háskólinn í Reykjavík","Tölvunarfræðideild",1,87,87,0,71,14,2,0,0,0,0,0,0,0,0,0,0,0
"2013-2014","Háskólar","Háskólinn í Reykjavík","Tölvunarfræðideild",1,54,54,0,47,7,0,0,0,0,0,0,0,0,0,0,0,0
"2014-2015","Háskólar","Háskólinn í Reykjavík","Tölvunarfræðideild",1,85,85,0,77,5,2,1,247,81,0,92,70,4,0,0,0,0
"2015-2016","Háskólar","Háskólinn í Reykjavík","Tölvunarfræðideild",1,686,686,60,412,192,20,0,1815,86,0,77,1645,7,0,0,0,237
"2016-2017","Háskólar","Háskólinn í Reykjavík","Tölvunarfræðideild",1,408,459,21,339,79,20,0,786,38,0,134,614,0,0,0,0,66
"2018-2019","Háskólar","University Centre of the Westfjords","University Centre of the Westfjords",1,114,223,2,174,39,4,4,0,0,0,0,0,0,0,0,0,0
"2019-2020","Háskólar","University Centre of the Westfjords","University Centre of the Westfjords",1,2,2,0,2,0,0,0,0,0,0,0,0,0,0,0,0,0
"2011-2012","Háskólar","Háskóli Íslands","Verkefnisstjórn Uglu",1,2,0,0,0,0,0,0,0,0,0,0,0,0,0,0,0,0
"2011-2012","Háskólar","Háskóli Íslands","Verkfræði- og náttúruvísindasvið",1,45,45,0,27,17,1,0,0,0,0,0,0,0,0,0,0,0
"2012-2013","Háskólar","Háskóli Íslands","Verkfræði- og náttúruvísindasvið",3,20,20,0,6,4,5,5,0,0,0,0,0,0,0,0,0,0
"2013-2014","Háskólar","Háskóli Íslands","Verkfræði- og náttúruvísindasvið",7,67,67,0,52,3,3,3,250,5,0,38,207,0,0,0,0,0
"2014-2015","Háskólar","Háskóli Íslands","Verkfræði- og náttúruvísindasvið",9,91,90,6,73,8,2,1,179,3,0,46,75,25,0,30,0,0
"2015-2016","Háskólar","Háskóli Íslands","Verkfræði- og náttúruvísindasvið",10,232,228,31,178,13,3,3,178,11,0,12,117,38,0,0,0,0
"2016-2017","Háskólar","Háskóli Íslands","Verkfræði- og náttúruvísindasvið",6,294,305,18,213,65,8,1,369,13,0,14,342,0,0,0,0,0
"2017-2018","Háskólar","Háskóli Íslands","Verkfræði- og náttúruvísindasvið",10,246,374,11,319,38,3,1,74,0,0,0,62,0,0,12,0,0
"2018-2019","Háskólar","Háskóli Íslands","Verkfræði- og náttúruvísindasvið",9,235,238,11,181,34,11,1,17,16,0,0,1,0,0,0,0,0
"2019-2020","Háskólar","Háskóli Íslands","Verkfræði- og náttúruvísindasvið",15,221,221,5,135,62,13,3,889,13,0,0,0,0,876,0,0,0
"2017-2018","Framhaldsskólar","Verkmenntaskóli Austurlands","Verkmenntaskóli Austurlands",3,37,37,2,15,17,3,0,0,0,0,0,0,0,0,0,0,0
"2018-2019","Framhaldsskólar","Verkmenntaskóli Austurlands","Verkmenntaskóli Austurlands",36,3085,2568,594,1270,408,221,63,8581,632,16,1257,4777,618,0,707,574,0
"2019-2020","Framhaldsskólar","Verkmenntaskóli Austurlands","Verkmenntaskóli Austurlands",27,1549,1452,360,713,199,142,33,3716,493,0,427,1574,791,0,431,0,6
"2017-2018","Framhaldsskólar","Verkmenntaskólinn á Akureyri","Verkmenntaskólinn á Akureyri",6,291,324,32,250,15,4,14,767,13,1,56,662,3,0,32,0,2
"2018-2019","Framhaldsskólar","Verkmenntaskólinn á Akureyri","Verkmenntaskólinn á Akureyri",18,1540,1780,263,988,321,157,34,15947,48,0,11214,4285,360,0,22,18,0
"2019-2020","Framhaldsskólar","Verkmenntaskólinn á Akureyri","Verkmenntaskólinn á Akureyri",26,4423,5039,392,1516,793,1003,1186,17258,136,0,11473,3244,2000,0,405,0,0
"2012-2013","Framhaldsskólar","Verzlunarskóli Íslands","Verzlunarskóli Íslands",26,1619,1656,538,876,158,39,17,13536,159,1,3888,952,8534,0,2,0,0
"2013-2014","Framhaldsskólar","Verzlunarskóli Íslands","Verzlunarskóli Íslands",32,11883,11906,7783,3375,313,138,216,36409,1103,0,13488,5284,16534,0,0,0,0
"2014-2015","Framhaldsskólar","Verzlunarskóli Íslands","Verzlunarskóli Íslands",34,7728,7720,4103,2877,375,97,210,31485,846,0,11416,4515,14708,0,0,0,0
"2015-2016","Framhaldsskólar","Verzlunarskóli Íslands","Verzlunarskóli Íslands",38,6932,6944,3224,3304,230,72,74,15782,514,0,6539,2333,6396,0,0,0,0
"2016-2017","Framhaldsskólar","Verzlunarskóli Íslands","Verzlunarskóli Íslands",35,13129,13563,7638,5223,278,62,188,20965,758,0,4692,1426,14089,0,0,0,0
"2017-2018","Framhaldsskólar","Verzlunarskóli Íslands","Verzlunarskóli Íslands",34,4336,6124,1896,3740,238,52,163,6279,380,0,2624,106,2898,0,271,0,0
"2018-2019","Framhaldsskólar","Verzlunarskóli Íslands","Verzlunarskóli Íslands",31,3729,4759,1943,2441,191,53,93,1844,181,0,774,246,598,0,45,0,0
"2019-2020","Framhaldsskólar","Verzlunarskóli Íslands","Verzlunarskóli Íslands",44,6871,8079,2099,4309,941,462,213,3597,431,0,1200,427,1502,0,37,0,0
"2012-2013","Háskólar","Háskólinn í Reykjavík","Viðskiptadeild",5,66,67,0,46,18,2,1,0,0,0,0,0,0,0,0,0,0
"2013-2014","Háskólar","Háskólinn í Reykjavík","Viðskiptadeild",9,134,131,4,94,20,4,3,11,0,0,3,3,0,0,0,5,0
"2014-2015","Háskólar","Háskólinn í Reykjavík","Viðskiptadeild",7,310,283,42,177,42,6,11,3,0,0,1,2,0,0,0,0,0
"2015-2016","Háskólar","Háskólinn í Reykjavík","Viðskiptadeild",10,724,707,159,402,86,16,11,5,0,0,5,0,0,0,0,0,0
"2016-2017","Háskólar","Háskólinn í Reykjavík","Viðskiptadeild",11,718,872,54,690,105,11,12,3,0,0,2,1,0,0,0,0,0
"2017-2018","Háskólar","Háskólinn í Reykjavík","Viðskiptadeild",8,30,41,0,31,5,2,1,0,0,0,0,0,0,0,0,0,0
"2018-2019","Háskólar","Háskólinn í Reykjavík","Viðskiptadeild",3,59,77,22,24,3,6,9,0,0,0,0,0,0,0,0,0,0
"2019-2020","Háskólar","Háskólinn í Reykjavík","Viðskiptadeild",1,2,2,0,1,0,1,0,0,0,0,0,0,0,0,0,0,0
