"Skolaar","Parent Account Name","Account Name","Integration","Active Classes","Active Instructors","Submissions","Similarity Reports","0% Similarity","1-24% Similarity","25-49% Similarity","50-74% Similarity","75-100% Similarity","Submissions with Feedback","Submissions Scored with a Rubric","Total Feedback (Comments and Marks)","Summary Text Comments","Voice Comments","QuickMarks","Bubble Comments","Inline Text Comments","ETS e-rater Marks","Strikethrough Marks","Grading Form Marks","Peer Reviews Created","Skolastig"
"2017-2018","Háskólinn á Bifröst","Bifröst - kennslukerfi","LTI API",10,2,8,8,3,5,0,0,0,1,0,3,0,0,3,0,0,0,0,0,0,"Háskólar"
"2018-2019","Háskólinn á Bifröst","Bifröst - kennslukerfi","LTI API",9,7,35,35,6,27,2,0,0,0,0,0,0,0,0,0,0,0,0,0,0,"Háskólar"
"2017-2018","Borgarholtsskóli","Borgarholtsskóli","LTI API",2,1,11,11,10,1,0,0,0,0,0,0,0,0,0,0,0,0,0,0,0,"Framhaldsskólar"
"2018-2019","Borgarholtsskóli","Borgarholtsskóli","LTI API",123,74,1188,1308,491,623,134,28,30,515,11,2779,397,1,556,889,802,0,134,0,0,"Framhaldsskólar"
"2019-2020","Borgarholtsskóli","Borgarholtsskóli","LTI API",153,85,1683,1682,439,856,222,105,44,570,8,2735,443,3,352,1271,635,0,31,0,0,"Framhaldsskólar"
"2017-2018","Fjölbrautaskóli Suðurlands","Fjölbrautaskóli Suðurlands","LTI API",4,3,106,123,39,56,20,2,0,1,0,1,1,0,0,0,0,0,0,0,0,"Framhaldsskólar"
"2018-2019","Fjölbrautaskóli Suðurlands","Fjölbrautaskóli Suðurlands","LTI API",167,85,2852,3327,1143,1601,341,153,45,195,0,797,174,0,444,106,54,0,19,0,0,"Framhaldsskólar"
"2019-2020","Fjölbrautaskóli Suðurlands","Fjölbrautaskóli Suðurlands","LTI API",228,120,4557,4588,1109,1910,792,493,248,98,13,149,82,0,32,27,2,0,6,0,0,"Framhaldsskólar"
"2018-2019","Fjölbrautaskóli Suðurnesja","Fjölbrautaskóli Suðurnesja","LTI API",15,5,145,145,79,55,9,1,1,38,0,301,0,0,0,21,234,0,46,0,0,"Framhaldsskólar"
"2019-2020","Fjölbrautaskóli Suðurnesja","Fjölbrautaskóli Suðurnesja","LTI API",92,42,1509,1792,343,964,244,110,117,60,53,56,5,0,3,17,30,0,1,0,0,"Framhaldsskólar"
"2018-2019","Fjölbrautaskóli Vesturlands","Fjölbrautaskóli Vesturlands","LTI API",67,41,510,635,120,395,76,27,10,345,34,1921,174,0,646,1084,17,0,0,0,1,"Framhaldsskólar"
"2019-2020","Fjölbrautaskóli Vesturlands","Fjölbrautaskóli Vesturlands","LTI API",97,63,929,1336,189,751,254,97,39,568,123,4796,296,0,1151,2665,681,0,3,0,0,"Framhaldsskólar"
"2018-2019","Fjölbrautaskólinn í Breiðholti","Fjölbrautaskólinn í Breiðholti","LTI API",15,9,139,139,33,87,19,0,0,63,0,720,50,0,0,666,0,0,4,0,0,"Framhaldsskólar"
"2019-2020","Fjölbrautaskólinn í Breiðholti","Fjölbrautaskólinn í Breiðholti","LTI API",104,50,796,802,65,635,73,18,10,205,0,1756,175,0,349,1232,0,0,0,0,0,"Framhaldsskólar"
"2016-2017","Fjölbrautaskólinn í Garðabæ","Fjölbrautaskólinn í Garðabæ","LTI API",674,130,3792,3762,1105,1424,627,408,157,1686,1103,8052,328,0,287,4488,1036,1833,80,0,0,"Framhaldsskólar"
"2017-2018","Fjölbrautaskólinn í Garðabæ","Fjölbrautaskólinn í Garðabæ","LTI API",543,155,7192,7185,2014,2832,1127,849,288,3644,1955,18204,798,0,2453,9876,876,4001,197,3,0,"Framhaldsskólar"
"2018-2019","Fjölbrautaskólinn í Garðabæ","Fjölbrautaskólinn í Garðabæ","LTI API",475,171,6184,7233,2403,3228,961,439,154,3153,2014,17800,676,0,3626,7254,3140,1428,1676,0,0,"Framhaldsskólar"
"2019-2020","Fjölbrautaskólinn í Garðabæ","Fjölbrautaskólinn í Garðabæ","LTI API",420,161,7410,7695,1927,3529,1136,660,337,3804,1876,20667,1100,31,2964,8715,2225,5316,316,0,9,"Framhaldsskólar"
"2018-2019","Flensborgarskólinn í Hafnarfirði","Flensborgarskólinn í Hafnarfirði","LTI API",105,54,1209,1606,441,663,380,86,24,413,0,2125,276,0,38,1720,9,0,82,0,0,"Framhaldsskólar"
"2019-2020","Flensborgarskólinn í Hafnarfirði","Flensborgarskólinn í Hafnarfirði","LTI API",158,82,2225,2924,699,1017,699,373,115,613,76,3134,356,0,1110,1299,259,0,110,0,0,"Framhaldsskólar"
"2017-2018","Framhaldsskólinn í Mosfellsbæ","Framhaldsskólinn í Mosfellsbæ","LTI API",6,3,58,64,46,15,1,0,1,0,0,0,0,0,0,0,0,0,0,0,0,"Framhaldsskólar"
"2018-2019","Framhaldsskólinn í Mosfellsbæ","Framhaldsskólinn í Mosfellsbæ","LTI API",162,75,2725,2934,1114,1287,324,95,77,549,23,6569,468,1,4477,1543,21,0,59,0,0,"Framhaldsskólar"
"2019-2020","Framhaldsskólinn í Mosfellsbæ","Framhaldsskólinn í Mosfellsbæ","LTI API",134,70,3099,3099,552,1334,703,395,97,337,31,3769,261,39,2692,670,2,0,105,0,0,"Framhaldsskólar"
"2017-2018","Framhaldsskólinn í Vestmannaeyjum","Framhaldsskólinn í Vestmannaeyjum","LTI API",3,2,43,65,6,5,15,16,23,28,0,87,27,0,0,60,0,0,0,0,0,"Framhaldsskólar"
"2018-2019","Framhaldsskólinn í Vestmannaeyjum","Framhaldsskólinn í Vestmannaeyjum","LTI API",40,28,406,491,185,256,29,12,3,231,0,1632,224,0,2,1191,123,0,92,0,0,"Framhaldsskólar"
"2019-2020","Framhaldsskólinn í Vestmannaeyjum","Framhaldsskólinn í Vestmannaeyjum","LTI API",45,38,321,336,24,215,74,10,6,106,6,619,21,0,56,230,182,0,130,0,0,"Framhaldsskólar"
"2019-2020","Háskóli Íslands","Háskóli Íslands","LTI API",181,54,1698,2264,402,1452,228,36,56,34,0,1010,20,0,15,42,3,930,0,0,0,"Háskólar"
"2018-2019","Háskólinn á Akureyri","Háskólinn á Akureyri","LTI API",0,0,3,3,0,3,0,0,0,0,0,0,0,0,0,0,0,0,0,0,0,"Háskólar"
"2019-2020","Háskólinn á Akureyri","Háskólinn á Akureyri","LTI API",24,32,1444,1639,290,913,246,155,34,491,414,4227,306,2,680,2928,0,0,303,8,0,"Háskólar"
"2016-2017","Háskólinn í Reykjavík","Háskólinn í Reykjavík","LTI API",8,6,222,246,18,142,68,1,12,1,0,2,0,0,1,1,0,0,0,0,0,"Háskólar"
"2017-2018","Háskólinn í Reykjavík","Háskólinn í Reykjavík","LTI API",62,68,2442,2998,167,1997,717,80,22,307,252,1104,30,7,327,609,10,0,5,116,118,"Háskólar"
"2018-2019","Háskólinn í Reykjavík","Háskólinn í Reykjavík","LTI API",62,103,3157,3605,149,2089,1038,210,29,321,222,3392,40,2,1807,862,0,8,5,668,87,"Háskólar"
"2019-2020","Háskólinn í Reykjavík","Háskólinn í Reykjavík","LTI API",39,38,4390,5687,667,3168,1372,331,61,1139,903,8783,263,0,2468,548,129,4545,27,803,180,"Háskólar"
"2017-2018","Kvennaskólinn í Reykjavík","Kvennaskólinn í Reykjavík","LTI API",13,3,8,16,0,8,4,2,2,3,1,2,1,0,0,1,0,0,0,0,0,"Framhaldsskólar"
"2018-2019","Kvennaskólinn í Reykjavík","Kvennaskólinn í Reykjavík","LTI API",53,28,579,654,209,387,45,12,1,394,155,6702,222,0,1337,681,790,3255,106,311,0,"Framhaldsskólar"
"2019-2020","Kvennaskólinn í Reykjavík","Kvennaskólinn í Reykjavík","LTI API",147,62,2509,2753,485,1004,537,491,210,552,161,8992,334,1,2686,1684,233,3918,136,0,0,"Framhaldsskólar"
"2018-2019","Listaháskóli Íslands","Listaháskóli Íslands","LTI API",5,0,1,1,0,0,0,0,0,1,0,1,1,0,0,0,0,0,0,0,0,"Háskólar"
"2019-2020","Listaháskóli Íslands","Listaháskóli Íslands","LTI API",2,2,108,108,2,97,6,1,1,1,0,1,0,0,0,1,0,0,0,0,0,"Háskólar"
"2018-2019","Menntaskólinn í Reykjavík","Menntaskólinn í Reykjavík","LTI API",25,9,338,372,214,147,6,3,2,1,0,1,0,0,0,1,0,0,0,0,0,"Framhaldsskólar"
"2019-2020","Menntaskólinn í Reykjavík","Menntaskólinn í Reykjavík","LTI API",91,28,1253,1331,410,739,97,62,20,110,16,2222,74,0,0,1410,230,0,508,0,0,"Framhaldsskólar"
"2017-2018","Menntaskólinn við Hamrahlíð","Menntaskólinn við Hamrahlíð","LTI API",2,1,4,0,0,0,0,0,0,0,0,0,0,0,0,0,0,0,0,0,0,"Framhaldsskólar"
"2018-2019","Menntaskólinn við Hamrahlíð","Menntaskólinn við Hamrahlíð","LTI API",233,110,1969,2171,635,1364,126,24,11,449,229,7927,262,0,3404,1775,291,1817,355,23,1,"Framhaldsskólar"
"2019-2020","Menntaskólinn við Hamrahlíð","Menntaskólinn við Hamrahlíð","LTI API",464,200,5364,5633,1192,2652,722,849,175,2117,559,26390,1539,13,6711,3928,2980,9016,1321,882,0,"Framhaldsskólar"
"2017-2018","Menntaskólinn við Sund","Menntaskólinn við Sund","LTI API",17,2,4,4,1,0,2,0,0,1,0,14,2,0,7,1,0,4,0,0,0,"Framhaldsskólar"
"2018-2019","Menntaskólinn við Sund","Menntaskólinn við Sund","LTI API",348,105,4397,5452,1582,2553,793,187,230,2029,324,13966,955,0,4356,2387,3224,1772,1200,72,10,"Framhaldsskólar"
"2019-2020","Menntaskólinn við Sund","Menntaskólinn við Sund","LTI API",566,127,7442,10328,1686,4830,2082,844,698,2547,663,13246,980,0,4581,2894,4042,0,606,143,0,"Framhaldsskólar"
"2018-2019","Tækniskólinn","Tækniskólinn","LTI API",33,26,257,394,132,214,33,9,6,191,50,3401,222,0,182,190,4,2790,13,0,0,"Framhaldsskólar"
"2019-2020","Tækniskólinn","Tækniskólinn","LTI API",12,7,85,153,33,76,26,10,7,62,0,1161,92,0,16,37,3,1007,6,0,0,"Framhaldsskólar"
"2018-2019","Verkmenntaskólinn á Akureyri","Verkmenntaskólinn á Akureyri","LTI API",17,10,186,218,4,182,16,5,5,31,15,138,15,0,1,63,40,0,1,18,0,"Framhaldsskólar"
"2019-2020","Verkmenntaskólinn á Akureyri","Verkmenntaskólinn á Akureyri","LTI API",34,17,253,430,6,342,57,9,13,53,33,301,26,0,105,131,38,0,1,0,0,"Framhaldsskólar"
"2018-2019","Verzlunarskóli Íslands","Verzlunarskóli Íslands","LTI API",257,111,3603,4478,1861,2301,174,42,71,127,0,1115,32,0,218,152,653,0,60,0,0,"Framhaldsskólar"
"2019-2020","Verzlunarskóli Íslands","Verzlunarskóli Íslands","LTI API",383,179,6187,7229,1846,3791,873,463,209,386,0,2071,187,0,118,274,1479,0,13,0,0,"Framhaldsskólar"
"2017-2018","Fjölbrautaskóli Snæfellinga","Fjölbrautaskóli Snæfellinga","Moodle Direct",8,4,77,77,29,42,2,1,2,3,0,6,3,0,1,2,0,0,0,0,0,"Framhaldsskólar"
"2018-2019","Fjölbrautaskóli Snæfellinga","Fjölbrautaskóli Snæfellinga","Moodle Direct",182,102,5853,4880,863,1846,1110,721,286,3195,254,17194,2301,7,4102,6168,308,0,720,3588,0,"Framhaldsskólar"
"2019-2020","Fjölbrautaskóli Snæfellinga","Fjölbrautaskóli Snæfellinga","Moodle Direct",210,146,7942,6276,835,2304,1651,1087,349,4485,335,17987,3023,19,2825,8326,1052,0,937,1805,0,"Framhaldsskólar"
"2017-2018","Fjölbrautaskóli Suðurnesja","Fjölbrautaskóli Suðurnesja","Moodle Direct",3,2,16,16,5,6,2,0,3,1,0,6,0,0,3,1,2,0,0,0,0,"Framhaldsskólar"
"2018-2019","Fjölbrautaskóli Suðurnesja","Fjölbrautaskóli Suðurnesja","Moodle Direct",51,87,974,1348,108,952,160,54,69,293,28,1967,11,0,701,1073,115,0,67,0,0,"Framhaldsskólar"
"2019-2020","Fjölbrautaskóli Suðurnesja","Fjölbrautaskóli Suðurnesja","Moodle Direct",20,12,325,228,74,84,38,9,17,1,0,1,0,0,0,0,1,0,0,0,0,"Framhaldsskólar"
"2017-2018","Fjölbrautaskólinn í Breiðholti","Fjölbrautaskólinn í Breiðholti","Moodle Direct",5,2,20,20,1,2,2,3,8,2,0,2,2,0,0,0,0,0,0,0,0,"Framhaldsskólar"
"2018-2019","Fjölbrautaskólinn í Breiðholti","Fjölbrautaskólinn í Breiðholti","Moodle Direct",63,56,819,820,155,589,44,16,8,197,0,1538,184,0,2,1227,106,0,19,0,1,"Framhaldsskólar"
"2019-2020","Fjölbrautaskólinn í Breiðholti","Fjölbrautaskólinn í Breiðholti","Moodle Direct",9,4,604,604,92,454,48,4,2,44,0,48,40,0,0,8,0,0,0,0,0,"Framhaldsskólar"
"2017-2018","Fjölbrautaskólinn við Ármúla","Fjölbrautaskólinn við Ármúla","Moodle Direct",4,6,9,7,0,3,0,0,3,0,0,0,0,0,0,0,0,0,0,0,0,"Framhaldsskólar"
"2018-2019","Fjölbrautaskólinn við Ármúla","Fjölbrautaskólinn við Ármúla","Moodle Direct",50,42,470,515,99,343,58,9,6,72,0,420,42,1,18,293,35,0,31,0,1,"Framhaldsskólar"
"2019-2020","Fjölbrautaskólinn við Ármúla","Fjölbrautaskólinn við Ármúla","Moodle Direct",98,71,1459,1647,802,705,89,26,14,441,5,3348,301,0,17,2582,168,0,280,0,2,"Framhaldsskólar"
"2017-2018","Framhaldsskólinn á Laugum","Framhaldsskólinn á Laugum","Moodle Direct",3,0,3,3,0,0,0,0,3,0,0,0,0,0,0,0,0,0,0,0,0,"Framhaldsskólar"
"2018-2019","Framhaldsskólinn á Laugum","Framhaldsskólinn á Laugum","Moodle Direct",14,30,64,52,19,20,3,8,1,2,0,2,1,0,1,0,0,0,0,0,0,"Framhaldsskólar"
"2019-2020","Framhaldsskólinn á Laugum","Framhaldsskólinn á Laugum","Moodle Direct",34,72,471,668,209,305,64,46,37,25,0,576,1,0,3,534,13,0,25,0,0,"Framhaldsskólar"
"2011-2012","Háskóli Íslands","Háskóli Íslands","Moodle Direct",2,2,3,2,0,1,0,0,0,0,0,0,0,0,0,0,0,0,0,0,0,"Háskólar"
"2012-2013","Háskóli Íslands","Háskóli Íslands","Moodle Direct",95,105,1488,1484,246,1083,108,15,15,124,0,1171,0,0,6,1149,16,0,0,0,0,"Háskólar"
"2013-2014","Háskóli Íslands","Háskóli Íslands","Moodle Direct",114,149,1869,1862,406,1246,153,33,7,211,91,1632,19,1,270,691,0,0,45,606,0,"Háskólar"
"2014-2015","Háskóli Íslands","Háskóli Íslands","Moodle Direct",192,227,1396,1325,214,907,78,27,23,92,0,141,69,0,2,69,1,0,0,0,0,"Háskólar"
"2015-2016","Háskóli Íslands","Háskóli Íslands","Moodle Direct",310,468,3653,3380,432,2472,287,38,58,1270,430,7581,778,0,1677,4781,305,0,40,0,0,"Háskólar"
"2016-2017","Háskóli Íslands","Háskóli Íslands","Moodle Direct",307,560,3803,5075,370,3994,526,62,71,1371,354,13592,726,0,3773,7533,301,0,33,1226,0,"Háskólar"
"2017-2018","Háskóli Íslands","Háskóli Íslands","Moodle Direct",255,404,5623,8026,840,5904,898,116,136,1066,416,8201,737,14,2253,4068,313,0,295,521,0,"Háskólar"
"2018-2019","Háskóli Íslands","Háskóli Íslands","Moodle Direct",559,1304,11737,22253,3171,14693,2809,807,520,2622,792,29506,1731,40,2939,7331,1497,14036,689,1243,173,"Háskólar"
"2019-2020","Háskóli Íslands","Háskóli Íslands","Moodle Direct",589,1428,17241,35078,4415,22182,5929,1154,540,5784,1950,61048,3151,50,6757,14807,2656,27698,1732,4197,3,"Háskólar"
"2012-2013","Háskólinn á Akureyri","Háskólinn á Akureyri","Moodle Direct",49,64,308,221,6,143,18,7,29,25,0,708,19,0,277,265,73,0,74,0,0,"Háskólar"
"2013-2014","Háskólinn á Akureyri","Háskólinn á Akureyri","Moodle Direct",93,169,671,619,7,469,72,18,28,47,0,87,0,0,1,86,0,0,0,0,0,"Háskólar"
"2014-2015","Háskólinn á Akureyri","Háskólinn á Akureyri","Moodle Direct",200,301,2546,2584,250,1744,312,77,141,951,0,2964,540,0,410,2014,0,0,0,0,0,"Háskólar"
"2015-2016","Háskólinn á Akureyri","Háskólinn á Akureyri","Moodle Direct",184,323,2004,1959,255,1373,217,36,61,513,1,3961,42,0,876,3018,25,0,0,0,0,"Háskólar"
"2016-2017","Háskólinn á Akureyri","Háskólinn á Akureyri","Moodle Direct",237,359,3057,3463,280,2354,429,154,171,943,0,5995,318,0,2651,3026,0,0,0,0,0,"Háskólar"
"2017-2018","Háskólinn á Akureyri","Háskólinn á Akureyri","Moodle Direct",298,520,3638,4116,276,2726,529,258,228,433,4,3595,72,0,1111,2116,75,0,221,0,0,"Háskólar"
"2018-2019","Háskólinn á Akureyri","Háskólinn á Akureyri","Moodle Direct",365,582,4426,5040,341,3310,848,310,146,786,255,7545,361,0,3017,3336,394,0,185,252,1,"Háskólar"
"2019-2020","Háskólinn á Akureyri","Háskólinn á Akureyri","Moodle Direct",355,606,5839,8483,583,4910,2072,616,257,1172,283,8326,673,0,3190,3165,265,0,203,830,0,"Háskólar"
"2018-2019","Keilir - Center of Excellence","healthacademy","Moodle Direct",1,0,7,7,0,7,0,0,0,0,0,0,0,0,0,0,0,0,0,0,0,""
"2019-2020","Keilir - Center of Excellence","healthacademy","Moodle Direct",0,0,14,14,0,9,4,1,0,2,0,11,0,0,0,11,0,0,0,0,0,""
"2013-2014","Hólabrekkuskóli","Hólabrekkuskóli","Moodle Direct",3,1,106,105,64,37,1,0,0,47,43,38,22,4,2,10,0,0,0,0,0,""
"2014-2015","Hólabrekkuskóli","Hólabrekkuskóli","Moodle Direct",39,30,352,343,283,37,9,4,3,256,252,316,52,0,21,229,14,0,0,0,0,""
"2015-2016","Hólabrekkuskóli","Hólabrekkuskóli","Moodle Direct",55,78,389,378,260,74,10,17,15,195,192,123,7,0,6,110,0,0,0,0,0,""
"2016-2017","Hólabrekkuskóli","Hólabrekkuskóli","Moodle Direct",31,35,157,231,161,59,5,4,2,110,108,78,13,0,2,63,0,0,0,0,0,""
"2017-2018","Hólabrekkuskóli","Hólabrekkuskóli","Moodle Direct",10,12,9,36,32,4,0,0,0,0,0,0,0,0,0,0,0,0,0,0,0,""
"2018-2019","Hólabrekkuskóli","Hólabrekkuskóli","Moodle Direct",0,0,2,1,1,0,0,0,0,0,0,0,0,0,0,0,0,0,0,0,0,""
"2017-2018","Keilir - Center of Excellence","Keilir - Center of Excellence","Moodle Direct",20,27,1521,1742,518,938,184,59,24,765,652,2158,311,0,707,643,447,0,43,7,0,""
"2018-2019","Keilir - Center of Excellence","Keilir - Center of Excellence","Moodle Direct",12,16,3911,5003,1880,2575,324,109,94,3153,2293,22925,1500,0,2060,4664,3596,8693,2412,0,0,""
"2019-2020","Keilir - Center of Excellence","Keilir - Center of Excellence","Moodle Direct",10,50,3848,6242,1486,3785,772,129,53,3454,2330,30871,2215,0,807,5616,8536,12009,1688,0,0,""
"2012-2013","Landbúnaðarháskóli Íslands","Landbúnaðarháskóli Íslands","Moodle Direct",7,4,25,25,1,24,0,0,0,0,0,0,0,0,0,0,0,0,0,0,0,"Háskólar"
"2013-2014","Landbúnaðarháskóli Íslands","Landbúnaðarháskóli Íslands","Moodle Direct",29,38,127,118,0,87,14,4,5,3,0,3,0,0,0,3,0,0,0,0,0,"Háskólar"
"2014-2015","Landbúnaðarháskóli Íslands","Landbúnaðarháskóli Íslands","Moodle Direct",17,63,101,95,4,65,11,6,4,5,0,5,0,0,0,5,0,0,0,0,0,"Háskólar"
"2018-2019","Menntaskóli Borgarfjarðar","Menntaskóli Borgarfjarðar","Moodle Direct",19,33,179,210,133,61,7,3,1,66,1,96,61,5,16,7,2,0,5,0,0,"Framhaldsskólar"
"2019-2020","Menntaskóli Borgarfjarðar","Menntaskóli Borgarfjarðar","Moodle Direct",3,2,51,53,35,14,2,2,0,21,0,21,21,0,0,0,0,0,0,0,0,"Framhaldsskólar"
"2019-2020","Keilir - Center of Excellence","menntaskolinn","Moodle Direct",11,31,306,374,175,167,16,10,5,152,149,1094,1,0,0,641,452,0,0,0,0,""
"2017-2018","Menntaskólinn á Akureyri","Menntaskólinn á Akureyri","Moodle Direct",2,5,10,7,2,4,0,0,1,2,0,2,0,0,0,2,0,0,0,0,0,"Framhaldsskólar"
"2018-2019","Menntaskólinn á Akureyri","Menntaskólinn á Akureyri","Moodle Direct",64,98,999,1560,105,1296,101,20,24,402,98,8427,201,37,2617,2240,1912,0,1420,0,0,"Framhaldsskólar"
"2019-2020","Menntaskólinn á Akureyri","Menntaskólinn á Akureyri","Moodle Direct",83,145,2869,4663,1548,2514,440,58,79,1537,154,23236,898,25,7941,6273,5016,0,2933,150,0,"Framhaldsskólar"
"2017-2018","Menntaskólinn á Ísafirði","Menntaskólinn á Ísafirði","Moodle Direct",3,0,2,2,2,0,0,0,0,0,0,0,0,0,0,0,0,0,0,0,0,"Framhaldsskólar"
"2018-2019","Menntaskólinn á Ísafirði","Menntaskólinn á Ísafirði","Moodle Direct",88,33,2572,2453,1137,982,204,59,64,1208,444,3565,469,8,1531,1384,0,0,173,0,0,"Framhaldsskólar"
"2019-2020","Menntaskólinn á Ísafirði","Menntaskólinn á Ísafirði","Moodle Direct",71,42,3797,3699,1207,1489,473,173,311,1304,867,3057,501,3,1854,696,0,0,3,0,0,"Framhaldsskólar"
"2017-2018","Menntaskólinn á Tröllaskaga","Menntaskólinn á Tröllaskaga","Moodle Direct",11,24,187,169,127,35,4,3,0,0,0,0,0,0,0,0,0,0,0,0,0,"Framhaldsskólar"
"2018-2019","Menntaskólinn á Tröllaskaga","Menntaskólinn á Tröllaskaga","Moodle Direct",55,94,2788,5545,3402,1599,416,96,20,1593,0,22752,1394,0,6811,2074,6430,0,6043,0,0,"Framhaldsskólar"
"2019-2020","Menntaskólinn á Tröllaskaga","Menntaskólinn á Tröllaskaga","Moodle Direct",11,35,1367,2233,823,918,373,102,14,1007,0,13217,860,0,4402,1589,3232,0,3134,0,0,"Framhaldsskólar"
"2014-2015","Menntaskólinn að Laugarvatni","Menntaskólinn að Laugarvatni","Moodle Direct",20,13,147,145,54,75,9,1,5,89,17,1107,67,0,208,474,193,0,165,0,0,"Framhaldsskólar"
"2015-2016","Menntaskólinn að Laugarvatni","Menntaskólinn að Laugarvatni","Moodle Direct",156,64,1825,1751,891,663,113,53,23,820,102,4241,315,0,1104,2657,60,0,105,0,0,"Framhaldsskólar"
"2016-2017","Menntaskólinn að Laugarvatni","Menntaskólinn að Laugarvatni","Moodle Direct",94,48,1425,1586,429,551,185,241,174,251,57,1203,43,0,432,728,0,0,0,0,0,"Framhaldsskólar"
"2017-2018","Menntaskólinn að Laugarvatni","Menntaskólinn að Laugarvatni","Moodle Direct",105,61,1158,1014,371,514,64,33,28,603,107,5695,105,0,1147,2320,1625,0,498,0,0,"Framhaldsskólar"
"2018-2019","Menntaskólinn að Laugarvatni","Menntaskólinn að Laugarvatni","Moodle Direct",122,71,2490,2181,751,1174,129,46,30,1171,380,9620,462,0,1570,3555,2748,0,1282,3,0,"Framhaldsskólar"
"2019-2020","Menntaskólinn að Laugarvatni","Menntaskólinn að Laugarvatni","Moodle Direct",121,78,3399,3128,715,1678,340,229,107,2101,634,15854,1179,0,3237,7405,1764,0,2269,0,0,"Framhaldsskólar"
"2017-2018","Menntaskólinn í Kópavogi","Menntaskólinn í Kópavogi","Moodle Direct",1,1,3,3,0,3,0,0,0,0,0,0,0,0,0,0,0,0,0,0,0,"Framhaldsskólar"
"2018-2019","Menntaskólinn í Kópavogi","Menntaskólinn í Kópavogi","Moodle Direct",83,96,2814,3861,1323,1855,381,213,65,482,50,3577,153,35,1931,812,563,0,83,0,0,"Framhaldsskólar"
"2019-2020","Menntaskólinn í Kópavogi","Menntaskólinn í Kópavogi","Moodle Direct",30,51,4335,7921,1440,4492,1031,487,338,927,55,5141,355,0,1908,1578,1013,0,287,0,0,"Framhaldsskólar"
"2018-2019","Miðstöð símenntunar á Suðurnesjum","Miðstöð símenntunar á Suðurnesjum","Moodle Direct",3,3,93,93,2,61,18,9,2,42,0,791,11,0,591,186,1,0,2,0,0,""
"2019-2020","Miðstöð símenntunar á Suðurnesjum","Miðstöð símenntunar á Suðurnesjum","Moodle Direct",10,10,449,367,35,230,72,16,10,253,58,1558,140,0,838,511,34,0,35,0,0,""
"2017-2018","Verkmenntaskóli Austurlands","Verkmenntaskóli Austurlands","Moodle Direct",6,3,24,24,1,12,9,2,0,0,0,0,0,0,0,0,0,0,0,0,0,"Framhaldsskólar"
"2018-2019","Verkmenntaskóli Austurlands","Verkmenntaskóli Austurlands","Moodle Direct",221,173,3445,3057,745,1510,454,244,85,1628,809,11089,685,30,1519,6920,642,0,1003,290,0,"Framhaldsskólar"
"2019-2020","Verkmenntaskóli Austurlands","Verkmenntaskóli Austurlands","Moodle Direct",141,108,3791,3646,1079,1696,458,296,99,2189,1156,13004,1373,5,1185,7772,1556,0,1113,0,2,"Framhaldsskólar"
"2017-2018","Verkmenntaskólinn á Akureyri","Verkmenntaskólinn á Akureyri","Moodle Direct",41,28,154,185,27,135,8,4,8,50,0,546,13,1,36,478,2,0,16,0,1,"Framhaldsskólar"
"2018-2019","Verkmenntaskólinn á Akureyri","Verkmenntaskólinn á Akureyri","Moodle Direct",72,66,1203,1219,286,648,196,59,23,630,222,10141,50,0,5723,4050,198,0,120,0,0,"Framhaldsskólar"
"2019-2020","Verkmenntaskólinn á Akureyri","Verkmenntaskólinn á Akureyri","Moodle Direct",119,102,5997,6694,837,2155,1366,902,1162,3988,2285,32719,146,0,21862,6759,3136,0,816,0,0,"Framhaldsskólar"
"2012-2013","Verzlunarskóli Íslands","Verzlunarskóli Íslands","Moodle Direct",199,89,1342,1341,472,686,113,35,16,472,44,13433,139,1,3573,1187,8531,0,2,0,0,"Framhaldsskólar"
"2013-2014","Verzlunarskóli Íslands","Verzlunarskóli Íslands","Moodle Direct",414,169,6937,6932,4174,2288,226,89,105,1763,68,27299,610,0,8375,4162,14151,0,1,0,0,"Framhaldsskólar"
"2014-2015","Verzlunarskóli Íslands","Verzlunarskóli Íslands","Moodle Direct",397,163,6072,6069,3220,2325,318,77,86,1792,76,27405,691,0,9478,3225,14011,0,0,0,0,"Framhaldsskólar"
"2015-2016","Verzlunarskóli Íslands","Verzlunarskóli Íslands","Moodle Direct",410,170,6285,6275,3003,2897,213,64,62,1372,40,14996,461,0,6619,1710,6206,0,0,0,0,"Framhaldsskólar"
"2016-2017","Verzlunarskóli Íslands","Verzlunarskóli Íslands","Moodle Direct",360,142,5731,6138,2900,2809,236,45,98,1119,0,8637,248,0,3591,931,3867,0,0,0,0,"Framhaldsskólar"
"2017-2018","Verzlunarskóli Íslands","Verzlunarskóli Íslands","Moodle Direct",393,174,3682,5101,1635,3031,198,48,159,1068,62,6497,379,0,2611,92,3144,0,271,0,0,"Framhaldsskólar"
"2018-2019","Verzlunarskóli Íslands","Verzlunarskóli Íslands","Moodle Direct",127,58,413,600,217,294,33,13,30,200,3,927,149,0,558,145,75,0,0,0,0,"Framhaldsskólar"
"2019-2020","Verzlunarskóli Íslands","Verzlunarskóli Íslands","Moodle Direct",197,79,655,830,273,479,48,12,4,317,0,1641,246,0,1041,196,127,0,31,0,0,"Framhaldsskólar"
"2013-2014","Háskóli Íslands","Árnastofnun","Native",1,0,2,2,0,1,1,0,0,1,0,1,0,0,1,0,0,0,0,0,0,"Háskólar"
"2014-2015","Háskóli Íslands","Árnastofnun","Native",1,1,1,1,1,0,0,0,0,0,0,0,0,0,0,0,0,0,0,0,0,"Háskólar"
"2011-2012","Háskólinn á Bifröst","Bifröst - kennslukerfi","Native",9,5,39,38,4,20,8,5,1,2,0,2,0,0,1,1,0,0,0,0,0,"Háskólar"
"2012-2013","Háskólinn á Bifröst","Bifröst - kennslukerfi","Native",37,24,164,162,32,84,36,9,1,3,0,3,0,0,1,2,0,0,0,0,0,"Háskólar"
"2013-2014","Háskólinn á Bifröst","Bifröst - kennslukerfi","Native",26,7,157,156,17,83,14,26,13,18,18,201,1,0,170,30,0,0,0,0,0,"Háskólar"
"2014-2015","Háskólinn á Bifröst","Bifröst - kennslukerfi","Native",49,23,819,817,114,502,63,26,54,225,195,2743,119,0,1871,726,0,0,27,0,0,"Háskólar"
"2015-2016","Háskólinn á Bifröst","Bifröst - kennslukerfi","Native",72,31,712,700,28,503,106,26,31,7,0,14,0,1,9,4,0,0,0,0,0,"Háskólar"
"2016-2017","Háskólinn á Bifröst","Bifröst - kennslukerfi","Native",74,25,1044,1646,127,1218,180,31,57,7,0,8,0,0,4,4,0,0,0,0,0,"Háskólar"
"2017-2018","Háskólinn á Bifröst","Bifröst - kennslukerfi","Native",81,30,872,1191,112,801,160,30,69,46,28,1379,49,0,344,41,12,900,33,0,0,"Háskólar"
"2018-2019","Háskólinn á Bifröst","Bifröst - kennslukerfi","Native",75,24,1025,1141,83,842,176,25,13,0,0,0,0,0,0,0,0,0,0,0,0,"Háskólar"
"2019-2020","Háskólinn á Bifröst","Bifröst - kennslukerfi","Native",50,23,972,970,35,698,183,12,26,1,0,1,0,0,1,0,0,0,0,0,0,"Háskólar"
"2013-2014","Háskóli Íslands","Endurmenntun","Native",2,0,2,2,2,0,0,0,0,0,0,0,0,0,0,0,0,0,0,0,0,"Háskólar"
"2011-2012","Háskóli Íslands","Félagsvísindasvið","Native",10,2,24,23,0,21,1,1,0,0,0,0,0,0,0,0,0,0,0,0,0,"Háskólar"
"2012-2013","Háskóli Íslands","Félagsvísindasvið","Native",206,73,1558,1494,200,1033,180,43,17,256,189,559,42,3,291,222,1,0,0,0,0,"Háskólar"
"2013-2014","Háskóli Íslands","Félagsvísindasvið","Native",292,104,2805,2800,127,2111,235,77,132,483,230,1495,103,0,406,835,151,0,0,0,0,"Háskólar"
"2014-2015","Háskóli Íslands","Félagsvísindasvið","Native",381,125,4124,3771,202,2958,432,63,93,1007,704,5422,204,0,1549,3657,11,0,1,0,108,"Háskólar"
"2015-2016","Háskóli Íslands","Félagsvísindasvið","Native",425,133,3348,3216,160,2497,390,59,81,1002,631,7025,328,0,2704,3972,20,0,1,0,3,"Háskólar"
"2016-2017","Háskóli Íslands","Félagsvísindasvið","Native",277,109,3711,5137,227,4004,589,87,166,523,83,2354,377,0,507,1375,0,0,26,69,0,"Háskólar"
"2017-2018","Háskóli Íslands","Félagsvísindasvið","Native",322,122,3672,4912,217,3697,745,67,123,407,38,1537,327,0,6,1092,0,0,5,107,0,"Háskólar"
"2018-2019","Háskóli Íslands","Félagsvísindasvið","Native",156,70,3199,4507,262,3205,666,81,253,231,5,1608,214,0,252,785,354,0,3,0,0,"Háskólar"
"2019-2020","Háskóli Íslands","Félagsvísindasvið","Native",77,37,1724,2670,7,1978,621,31,25,60,1,295,52,0,2,7,87,147,0,0,0,"Háskólar"
"2017-2018","Fjölbrautaskóli Norðurlands Vestra","Fjölbrautaskóli Norðurlands Vestra","Native",1,0,1,1,0,0,1,0,0,0,0,0,0,0,0,0,0,0,0,0,0,"Framhaldsskólar"
"2019-2020","Fjölbrautaskóli Norðurlands Vestra","Fjölbrautaskóli Norðurlands Vestra","Native",1,0,4,4,0,1,1,0,1,0,0,0,0,0,0,0,0,0,0,0,0,"Framhaldsskólar"
"2018-2019","Fjölbrautaskóli Snæfellinga","Fjölbrautaskóli Snæfellinga","Native",30,5,465,465,40,173,84,92,69,0,0,0,0,0,0,0,0,0,0,0,0,"Framhaldsskólar"
"2017-2018","Fjölbrautaskóli Suðurlands","Fjölbrautaskóli Suðurlands","Native",19,4,50,50,8,38,3,1,0,0,0,0,0,0,0,0,0,0,0,0,0,"Framhaldsskólar"
"2018-2019","Fjölbrautaskóli Suðurlands","Fjölbrautaskóli Suðurlands","Native",27,6,37,38,5,27,4,0,1,0,0,0,0,0,0,0,0,0,0,0,0,"Framhaldsskólar"
"2019-2020","Fjölbrautaskóli Suðurlands","Fjölbrautaskóli Suðurlands","Native",7,2,4,4,1,3,0,0,0,0,0,0,0,0,0,0,0,0,0,0,0,"Framhaldsskólar"
"2017-2018","Fjölbrautaskóli Suðurnesja","Fjölbrautaskóli Suðurnesja","Native",36,18,199,254,31,164,34,7,14,18,0,216,0,0,1,41,109,0,65,0,0,"Framhaldsskólar"
"2018-2019","Fjölbrautaskóli Suðurnesja","Fjölbrautaskóli Suðurnesja","Native",61,46,539,736,127,454,92,19,43,236,0,2603,0,0,5,379,1790,0,429,0,0,"Framhaldsskólar"
"2019-2020","Fjölbrautaskóli Suðurnesja","Fjölbrautaskóli Suðurnesja","Native",135,47,577,958,112,432,213,123,70,289,1,2050,1,0,0,151,1634,0,264,0,0,"Framhaldsskólar"
"2019-2020","Fjölbrautaskóli Vesturlands","Fjölbrautaskóli Vesturlands","Native",5,2,27,27,1,15,5,2,3,0,0,0,0,0,0,0,0,0,0,0,0,"Framhaldsskólar"
"2018-2019","Fjölbrautaskólinn í Breiðholti","Fjölbrautaskólinn í Breiðholti","Native",1,0,2,2,0,0,0,0,2,0,0,0,0,0,0,0,0,0,0,0,0,"Framhaldsskólar"
"2014-2015","Háskólinn í Reykjavík","Frumgreinar","Native",2,2,17,17,0,14,3,0,0,0,0,0,0,0,0,0,0,0,0,0,0,"Háskólar"
"2015-2016","Háskólinn í Reykjavík","Frumgreinar","Native",1,1,6,6,0,6,0,0,0,0,0,0,0,0,0,0,0,0,0,0,0,"Háskólar"
"2011-2012","Háskóli Íslands","Háskóli Íslands","Native",11,4,41,38,7,22,1,0,4,1,0,2,0,0,1,1,0,0,0,0,0,"Háskólar"
"2012-2013","Háskóli Íslands","Háskóli Íslands","Native",55,21,97,97,5,64,4,7,13,4,0,13,0,0,7,6,0,0,0,0,0,"Háskólar"
"2013-2014","Háskóli Íslands","Háskóli Íslands","Native",114,70,180,166,23,63,15,9,36,5,0,6,0,0,5,1,0,0,0,0,0,"Háskólar"
"2014-2015","Háskóli Íslands","Háskóli Íslands","Native",256,133,408,405,113,239,27,8,13,20,0,612,0,0,4,204,39,0,0,365,1,"Háskólar"
"2015-2016","Háskóli Íslands","Háskóli Íslands","Native",237,221,377,373,79,246,23,11,12,75,44,966,33,22,196,288,2,0,0,425,0,"Háskólar"
"2016-2017","Háskóli Íslands","Háskóli Íslands","Native",250,269,877,1189,109,892,139,5,33,210,69,1191,142,5,405,639,0,0,0,0,0,"Háskólar"
"2017-2018","Háskóli Íslands","Háskóli Íslands","Native",274,180,1075,1332,287,883,104,12,23,159,74,1044,106,0,80,739,1,6,112,0,1,"Háskólar"
"2018-2019","Háskóli Íslands","Háskóli Íslands","Native",677,369,360,364,11,280,36,9,18,30,0,2133,30,0,0,0,0,2103,0,0,0,"Háskólar"
"2019-2020","Háskóli Íslands","Háskóli Íslands","Native",774,562,296,301,7,168,48,15,6,29,0,1725,26,0,0,8,0,1691,0,0,0,"Háskólar"
"2011-2012","Háskólinn á Akureyri","Háskólinn á Akureyri","Native",4,1,6,6,1,4,0,0,1,0,0,0,0,0,0,0,0,0,0,0,0,"Háskólar"
"2012-2013","Háskólinn á Akureyri","Háskólinn á Akureyri","Native",14,15,17,17,0,12,5,0,0,0,0,0,0,0,0,0,0,0,0,0,0,"Háskólar"
"2013-2014","Háskólinn á Akureyri","Háskólinn á Akureyri","Native",4,1,3,3,0,3,0,0,0,0,0,0,0,0,0,0,0,0,0,0,0,"Háskólar"
"2014-2015","Háskólinn á Akureyri","Háskólinn á Akureyri","Native",80,70,216,216,3,120,62,19,5,2,0,2,0,0,1,1,0,0,0,0,0,"Háskólar"
"2015-2016","Háskólinn á Akureyri","Háskólinn á Akureyri","Native",41,47,55,55,3,29,21,1,0,1,0,3,0,0,3,0,0,0,0,0,0,"Háskólar"
"2016-2017","Háskólinn á Akureyri","Háskólinn á Akureyri","Native",31,12,23,23,1,9,7,4,2,12,0,404,12,0,355,37,0,0,0,0,0,"Háskólar"
"2017-2018","Háskólinn á Akureyri","Háskólinn á Akureyri","Native",35,62,2,2,0,0,1,1,0,0,0,0,0,0,0,0,0,0,0,0,0,"Háskólar"
"2018-2019","Háskólinn á Akureyri","Háskólinn á Akureyri","Native",41,25,566,566,3,63,85,21,257,0,0,0,0,0,0,0,0,0,0,0,0,"Háskólar"
"2019-2020","Háskólinn á Akureyri","Háskólinn á Akureyri","Native",81,68,3,3,1,2,0,0,0,0,0,0,0,0,0,0,0,0,0,0,0,"Háskólar"
"2011-2012","Háskólinn á Hólum","Háskólinn á Hólum","Native",1,1,3,3,0,1,0,1,1,0,0,0,0,0,0,0,0,0,0,0,0,"Háskólar"
"2013-2014","Háskólinn á Hólum","Háskólinn á Hólum","Native",48,20,538,538,27,414,30,22,16,8,0,24,0,0,4,20,0,0,0,0,0,"Háskólar"
"2014-2015","Háskólinn á Hólum","Háskólinn á Hólum","Native",18,6,167,167,3,132,19,4,5,1,0,1,0,0,0,1,0,0,0,0,0,"Háskólar"
"2015-2016","Háskólinn á Hólum","Háskólinn á Hólum","Native",26,15,345,345,8,287,26,8,10,0,0,0,0,0,0,0,0,0,0,0,0,"Háskólar"
"2016-2017","Háskólinn á Hólum","Háskólinn á Hólum","Native",10,5,187,188,21,105,20,20,20,0,0,0,0,0,0,0,0,0,0,0,0,"Háskólar"
"2017-2018","Háskólinn á Hólum","Háskólinn á Hólum","Native",17,6,216,215,6,178,18,8,2,1,0,1,0,0,0,1,0,0,0,0,0,"Háskólar"
"2018-2019","Háskólinn á Hólum","Háskólinn á Hólum","Native",12,5,127,127,4,114,8,1,0,0,0,0,0,0,0,0,0,0,0,0,0,"Háskólar"
"2019-2020","Háskólinn á Hólum","Háskólinn á Hólum","Native",13,6,115,115,1,77,23,7,7,0,0,0,0,0,0,0,0,0,0,0,0,"Háskólar"
"2011-2012","Háskólinn í Reykjavík","Háskólinn í Reykjavík","Native",3,1,9,9,1,4,3,0,0,1,0,1,0,0,0,1,0,0,0,0,0,"Háskólar"
"2012-2013","Háskólinn í Reykjavík","Háskólinn í Reykjavík","Native",38,13,156,155,8,89,32,7,14,6,0,9,0,0,6,3,0,0,0,0,0,"Háskólar"
"2013-2014","Háskólinn í Reykjavík","Háskólinn í Reykjavík","Native",24,14,119,107,0,57,31,5,12,0,0,0,0,0,0,0,0,0,0,0,0,"Háskólar"
"2014-2015","Háskólinn í Reykjavík","Háskólinn í Reykjavík","Native",31,20,147,136,1,88,32,8,6,0,0,0,0,0,0,0,0,0,0,0,0,"Háskólar"
"2015-2016","Háskólinn í Reykjavík","Háskólinn í Reykjavík","Native",20,16,155,175,3,131,18,12,10,1,0,1,0,0,0,1,0,0,0,0,0,"Háskólar"
"2016-2017","Háskólinn í Reykjavík","Háskólinn í Reykjavík","Native",66,33,534,865,29,699,105,7,24,2,0,2,0,0,1,1,0,0,0,0,0,"Háskólar"
"2017-2018","Háskólinn í Reykjavík","Háskólinn í Reykjavík","Native",55,34,50,72,0,38,25,5,4,0,0,0,0,0,0,0,0,0,0,0,0,"Háskólar"
"2018-2019","Háskólinn í Reykjavík","Háskólinn í Reykjavík","Native",40,61,86,100,4,79,13,1,1,0,0,0,0,0,0,0,0,0,0,0,0,"Háskólar"
"2019-2020","Háskólinn í Reykjavík","Háskólinn í Reykjavík","Native",34,18,151,158,2,88,50,9,5,2,0,152,1,0,0,3,0,148,0,0,0,"Háskólar"
"2011-2012","Háskóli Íslands","Heilbrigðisvísindasvið","Native",12,4,26,24,2,6,7,0,4,1,0,2,0,0,2,0,0,0,0,0,0,"Háskólar"
"2012-2013","Háskóli Íslands","Heilbrigðisvísindasvið","Native",18,2,75,75,2,59,8,1,2,6,0,10,0,0,8,2,0,0,0,0,0,"Háskólar"
"2013-2014","Háskóli Íslands","Heilbrigðisvísindasvið","Native",47,6,170,169,6,116,26,10,5,4,0,9,0,0,7,2,0,0,0,0,0,"Háskólar"
"2014-2015","Háskóli Íslands","Heilbrigðisvísindasvið","Native",238,9,1297,1292,146,936,73,20,12,11,0,41,0,0,34,7,0,0,0,0,0,"Háskólar"
"2015-2016","Háskóli Íslands","Heilbrigðisvísindasvið","Native",399,16,2587,2567,104,1835,255,36,241,165,0,899,0,0,74,718,107,0,0,0,0,"Háskólar"
"2016-2017","Háskóli Íslands","Heilbrigðisvísindasvið","Native",438,28,3318,4474,195,3785,400,30,40,54,0,300,1,0,15,186,98,0,0,0,0,"Háskólar"
"2017-2018","Háskóli Íslands","Heilbrigðisvísindasvið","Native",316,14,2565,5439,284,4703,362,14,29,88,0,449,39,0,1,293,0,0,0,116,0,"Háskólar"
"2018-2019","Háskóli Íslands","Heilbrigðisvísindasvið","Native",312,22,2455,3707,203,2976,435,41,18,37,0,511,2,0,0,213,23,271,2,0,0,"Háskólar"
"2019-2020","Háskóli Íslands","Heilbrigðisvísindasvið","Native",364,22,2547,4321,69,3084,1057,62,30,267,3,1777,15,0,127,614,880,127,14,0,0,"Háskólar"
"2013-2014","Hólabrekkuskóli","Hólabrekkuskóli","Native",2,1,3,3,1,2,0,0,0,1,0,1,0,0,0,1,0,0,0,0,0,""
"2011-2012","Háskóli Íslands","Hugvísindasvið","Native",8,1,22,22,0,13,4,0,0,1,0,1,0,0,0,1,0,0,0,0,0,"Háskólar"
"2012-2013","Háskóli Íslands","Hugvísindasvið","Native",29,15,124,124,13,98,12,0,0,1,0,1,0,0,1,0,0,0,0,0,0,"Háskólar"
"2013-2014","Háskóli Íslands","Hugvísindasvið","Native",39,16,257,257,24,195,22,5,2,1,0,1,0,0,0,1,0,0,0,0,0,"Háskólar"
"2014-2015","Háskóli Íslands","Hugvísindasvið","Native",41,23,605,605,85,470,14,7,19,19,0,186,0,0,1,185,0,0,0,0,0,"Háskólar"
"2015-2016","Háskóli Íslands","Hugvísindasvið","Native",72,18,374,353,18,299,17,1,7,72,1,414,58,0,154,192,10,0,0,0,0,"Háskólar"
"2016-2017","Háskóli Íslands","Hugvísindasvið","Native",67,24,230,341,8,289,26,9,6,1,0,1,0,0,0,1,0,0,0,0,0,"Háskólar"
"2017-2018","Háskóli Íslands","Hugvísindasvið","Native",39,28,348,415,22,339,47,4,2,0,0,0,0,0,0,0,0,0,0,0,0,"Háskólar"
"2018-2019","Háskóli Íslands","Hugvísindasvið","Native",43,23,408,474,33,381,41,4,5,1,0,1,0,0,0,1,0,0,0,0,0,"Háskólar"
"2019-2020","Háskóli Íslands","Hugvísindasvið","Native",39,24,266,339,28,242,41,9,15,8,2,766,5,0,26,98,0,637,0,0,0,"Háskólar"
"2012-2013","Háskólinn í Reykjavík","Íþróttafræði","Native",20,3,67,67,5,56,3,1,0,0,0,0,0,0,0,0,0,0,0,0,0,"Háskólar"
"2013-2014","Háskólinn í Reykjavík","Íþróttafræði","Native",13,5,95,95,1,85,3,0,6,0,0,0,0,0,0,0,0,0,0,0,0,"Háskólar"
"2014-2015","Háskólinn í Reykjavík","Íþróttafræði","Native",18,8,132,132,0,123,5,0,2,2,0,5,0,0,5,0,0,0,0,0,0,"Háskólar"
"2015-2016","Háskólinn í Reykjavík","Íþróttafræði","Native",32,12,324,324,15,284,18,3,3,0,0,0,0,0,0,0,0,0,0,0,0,"Háskólar"
"2016-2017","Háskólinn í Reykjavík","Íþróttafræði","Native",31,13,219,323,12,276,10,3,20,0,0,0,0,0,0,0,0,0,0,0,0,"Háskólar"
"2017-2018","Háskólinn í Reykjavík","Íþróttafræði","Native",1,1,1,1,0,1,0,0,0,0,0,0,0,0,0,0,0,0,0,0,0,"Háskólar"
"2019-2020","Háskólinn í Reykjavík","Íþróttafræði","Native",1,1,6,12,0,10,2,0,0,0,0,0,0,0,0,0,0,0,0,0,0,"Háskólar"
"2017-2018","Keilir - Center of Excellence","Keilir - Center of Excellence","Native",9,2,149,149,2,127,12,4,4,0,0,0,0,0,0,0,0,0,0,0,0,""
"2011-2012","Háskóli Íslands","Kennslumálanefnd","Native",4,1,9,9,2,1,1,0,1,1,0,2,0,0,2,0,0,0,0,0,0,"Háskólar"
"2014-2015","Háskóli Íslands","Kennslumálanefnd","Native",1,0,1,1,0,1,0,0,0,0,0,0,0,0,0,0,0,0,0,0,0,"Háskólar"
"2016-2017","Háskóli Íslands","Kennslumálanefnd","Native",1,0,1,1,0,1,0,0,0,0,0,0,0,0,0,0,0,0,0,0,0,"Háskólar"
"2012-2013","Háskóli Íslands","Kennslumiðstöð","Native",2,1,5,5,0,2,1,0,1,1,0,2,0,0,2,0,0,0,0,0,0,"Háskólar"
"2013-2014","Háskóli Íslands","Kennslumiðstöð","Native",12,10,43,35,0,17,4,4,9,0,0,0,0,0,0,0,0,0,0,0,0,"Háskólar"
"2014-2015","Háskóli Íslands","Kennslumiðstöð","Native",13,7,22,27,4,14,3,1,2,2,0,4,0,1,1,1,1,0,0,0,0,"Háskólar"
"2015-2016","Háskóli Íslands","Kennslumiðstöð","Native",5,5,8,0,0,0,0,0,0,0,0,0,0,0,0,0,0,0,0,0,0,"Háskólar"
"2016-2017","Háskóli Íslands","Kennslumiðstöð","Native",3,2,5,10,1,2,6,0,0,0,0,0,0,0,0,0,0,0,0,0,0,"Háskólar"
"2012-2013","Háskóli Íslands","Kennslusvið","Native",2,2,4,4,1,2,0,1,0,0,0,0,0,0,0,0,0,0,0,0,0,"Háskólar"
"2015-2016","Háskóli Íslands","Kennslusvið","Native",2,0,3,3,0,3,0,0,0,0,0,0,0,0,0,0,0,0,0,0,0,"Háskólar"
"2017-2018","Háskóli Íslands","Kennslusvið","Native",2,1,2,2,0,2,0,0,0,0,0,0,0,0,0,0,0,0,0,0,0,"Háskólar"
"2018-2019","Kvennaskólinn í Reykjavík","Kvennaskólinn í Reykjavík","Native",18,1,12,12,0,11,1,0,0,0,0,0,0,0,0,0,0,0,0,0,0,"Framhaldsskólar"
"2019-2020","Kvennaskólinn í Reykjavík","Kvennaskólinn í Reykjavík","Native",10,0,2,2,0,1,1,0,0,0,0,0,0,0,0,0,0,0,0,0,0,"Framhaldsskólar"
"2012-2013","Landbúnaðarháskóli Íslands","Landbúnaðarháskóli Íslands","Native",4,0,2,2,0,2,0,0,0,0,0,0,0,0,0,0,0,0,0,0,0,"Háskólar"
"2011-2012","Landsbókasafn Íslands - Háskólabókasafn","Landsbókasafn Íslands - Háskólabókasafn","Native",7,3,8,8,2,1,0,1,3,3,0,7,0,0,1,6,0,0,0,0,0,"Háskólar"
"2017-2018","Landsbókasafn Íslands - Háskólabókasafn","Landsbókasafn Íslands - Háskólabókasafn","Native",2,1,4,3,0,1,2,0,0,0,0,0,0,0,0,0,0,0,0,0,0,"Háskólar"
"2013-2014","Listaháskóli Íslands","Listaháskóli Íslands","Native",15,8,54,54,4,43,1,3,2,0,0,0,0,0,0,0,0,0,0,0,0,"Háskólar"
"2014-2015","Listaháskóli Íslands","Listaháskóli Íslands","Native",18,9,80,79,0,77,1,1,0,0,0,0,0,0,0,0,0,0,0,0,0,"Háskólar"
"2015-2016","Listaháskóli Íslands","Listaháskóli Íslands","Native",29,13,73,61,0,56,5,0,0,0,0,0,0,0,0,0,0,0,0,0,0,"Háskólar"
"2016-2017","Listaháskóli Íslands","Listaháskóli Íslands","Native",19,14,173,199,3,161,4,5,21,0,0,0,0,0,0,0,0,0,0,0,0,"Háskólar"
"2017-2018","Listaháskóli Íslands","Listaháskóli Íslands","Native",9,7,120,135,2,128,1,0,3,0,0,0,0,0,0,0,0,0,0,0,0,"Háskólar"
"2018-2019","Listaháskóli Íslands","Listaháskóli Íslands","Native",23,12,129,180,1,159,8,11,1,0,0,0,0,0,0,0,0,0,0,0,0,"Háskólar"
"2019-2020","Listaháskóli Íslands","Listaháskóli Íslands","Native",14,6,117,184,0,163,14,1,6,0,0,0,0,0,0,0,0,0,0,0,0,"Háskólar"
"2014-2015","Háskólinn í Reykjavík","Lögfræði","Native",6,4,65,65,0,65,0,0,0,0,0,0,0,0,0,0,0,0,0,0,0,"Háskólar"
"2015-2016","Háskólinn í Reykjavík","Lögfræði","Native",5,3,50,50,0,45,4,1,0,0,0,0,0,0,0,0,0,0,0,0,0,"Háskólar"
"2016-2017","Háskólinn í Reykjavík","Lögfræði","Native",9,6,186,211,0,172,36,1,2,0,0,0,0,0,0,0,0,0,0,0,0,"Háskólar"
"2017-2018","Menntaskólinn á Ísafirði","Menntaskólinn á Ísafirði","Native",3,2,27,27,2,21,4,0,0,0,0,0,0,0,0,0,0,0,0,0,0,"Framhaldsskólar"
"2018-2019","Menntaskólinn á Ísafirði","Menntaskólinn á Ísafirði","Native",23,4,10,10,4,4,1,0,0,0,0,0,0,0,0,0,0,0,0,0,0,"Framhaldsskólar"
"2019-2020","Menntaskólinn á Ísafirði","Menntaskólinn á Ísafirði","Native",15,3,21,21,2,7,6,2,2,3,0,3,3,0,0,0,0,0,0,0,0,"Framhaldsskólar"
"2014-2015","Menntaskólinn að Laugarvatni","Menntaskólinn að Laugarvatni","Native",1,1,2,2,2,0,0,0,0,0,0,0,0,0,0,0,0,0,0,0,0,"Framhaldsskólar"
"2017-2018","Menntaskólinn í Kópavogi","Menntaskólinn í Kópavogi","Native",5,0,52,52,1,51,0,0,0,0,0,0,0,0,0,0,0,0,0,0,0,"Framhaldsskólar"
"2018-2019","Menntaskólinn í Kópavogi","Menntaskólinn í Kópavogi","Native",48,44,382,382,15,119,95,66,60,6,0,15,0,0,5,6,3,0,1,0,0,"Framhaldsskólar"
"2018-2019","Menntaskólinn í Reykjavík","Menntaskólinn í Reykjavík","Native",11,4,30,37,16,20,0,1,0,0,0,0,0,0,0,0,0,0,0,0,0,"Framhaldsskólar"
"2019-2020","Menntaskólinn í Reykjavík","Menntaskólinn í Reykjavík","Native",69,6,26,26,9,12,5,0,0,0,0,0,0,0,0,0,0,0,0,0,0,"Framhaldsskólar"
"2017-2018","Menntaskólinn við Hamrahlíð","Menntaskólinn við Hamrahlíð","Native",5,0,5,5,0,3,2,0,0,0,0,0,0,0,0,0,0,0,0,0,0,"Framhaldsskólar"
"2018-2019","Menntaskólinn við Hamrahlíð","Menntaskólinn við Hamrahlíð","Native",25,3,9,9,1,7,1,0,0,0,0,0,0,0,0,0,0,0,0,0,0,"Framhaldsskólar"
"2019-2020","Menntaskólinn við Hamrahlíð","Menntaskólinn við Hamrahlíð","Native",119,13,26,27,0,24,2,1,0,2,0,98,2,0,0,0,0,96,0,0,0,"Framhaldsskólar"
"2017-2018","Menntaskólinn við Sund","Menntaskólinn við Sund","Native",29,4,284,285,58,161,32,13,12,11,0,51,7,0,0,44,0,0,0,0,0,"Framhaldsskólar"
"2018-2019","Menntaskólinn við Sund","Menntaskólinn við Sund","Native",96,7,82,91,2,64,14,10,1,0,0,0,0,0,0,0,0,0,0,0,0,"Framhaldsskólar"
"2019-2020","Menntaskólinn við Sund","Menntaskólinn við Sund","Native",73,3,2,2,0,1,0,0,0,0,0,0,0,0,0,0,0,0,0,0,0,"Framhaldsskólar"
"2011-2012","Háskóli Íslands","Menntavísindasvið","Native",16,5,39,38,2,22,3,0,4,2,0,17,0,0,9,6,1,0,1,0,0,"Háskólar"
"2012-2013","Háskóli Íslands","Menntavísindasvið","Native",60,20,167,166,6,115,26,6,7,6,0,18,0,0,14,4,0,0,0,0,0,"Háskólar"
"2013-2014","Háskóli Íslands","Menntavísindasvið","Native",77,25,554,550,6,411,93,14,15,13,0,36,0,0,7,10,19,0,0,0,0,"Háskólar"
"2014-2015","Háskóli Íslands","Menntavísindasvið","Native",135,51,617,615,16,521,47,10,6,41,0,400,36,0,72,292,0,0,0,0,0,"Háskólar"
"2015-2016","Háskóli Íslands","Menntavísindasvið","Native",132,36,559,516,17,420,49,8,7,1,0,1,0,0,0,1,0,0,0,0,0,"Háskólar"
"2016-2017","Háskóli Íslands","Menntavísindasvið","Native",70,28,296,440,5,311,76,8,31,56,0,202,0,0,0,202,0,0,0,0,0,"Háskólar"
"2017-2018","Háskóli Íslands","Menntavísindasvið","Native",41,26,439,632,4,482,103,15,17,37,0,355,0,0,0,3,0,0,0,352,0,"Háskólar"
"2018-2019","Háskóli Íslands","Menntavísindasvið","Native",25,18,221,336,5,280,41,7,2,1,0,5,0,0,0,0,0,0,0,5,0,"Háskólar"
"2019-2020","Háskóli Íslands","Menntavísindasvið","Native",7,4,13,13,0,12,0,0,0,1,0,4,0,0,2,2,0,0,0,0,0,"Háskólar"
"2014-2015","Háskóli Íslands","Rannsóknasetur HÍ","Native",2,1,4,4,0,0,1,0,1,0,0,0,0,0,0,0,0,0,0,0,0,"Háskólar"
"2015-2016","Háskóli Íslands","Rannsóknasetur HÍ","Native",1,1,1,1,0,0,0,0,0,0,0,0,0,0,0,0,0,0,0,0,0,"Háskólar"
"2013-2014","Háskóli Íslands","Reiknistofnun","Native",1,0,1,1,0,0,0,0,1,0,0,0,0,0,0,0,0,0,0,0,0,"Háskólar"
"2012-2013","Háskólinn í Reykjavík","Sálfræði","Native",4,0,102,102,0,56,44,1,1,0,0,0,0,0,0,0,0,0,0,0,0,"Háskólar"
"2013-2014","Háskólinn í Reykjavík","Sálfræði","Native",8,0,230,208,1,143,56,2,1,0,0,0,0,0,0,0,0,0,0,0,0,"Háskólar"
"2014-2015","Háskólinn í Reykjavík","Sálfræði","Native",12,0,294,294,7,166,112,3,6,1,0,1,0,0,0,1,0,0,0,0,0,"Háskólar"
"2015-2016","Háskólinn í Reykjavík","Sálfræði","Native",50,21,1016,1012,38,614,256,55,20,1,0,1,0,0,0,1,0,0,0,0,0,"Háskólar"
"2016-2017","Háskólinn í Reykjavík","Sálfræði","Native",25,20,796,1105,26,648,370,47,8,143,72,3688,1,47,2694,78,0,92,81,695,0,"Háskólar"
"2017-2018","Háskólinn í Reykjavík","Sálfræði","Native",3,2,9,9,0,3,3,1,1,0,0,0,0,0,0,0,0,0,0,0,0,"Háskólar"
"2018-2019","Háskólinn í Reykjavík","Sálfræði","Native",2,1,2,2,0,0,1,0,0,0,0,0,0,0,0,0,0,0,0,0,0,"Háskólar"
"2019-2020","Háskólinn í Reykjavík","Sálfræði","Native",4,3,29,55,2,43,7,0,1,0,0,0,0,0,0,0,0,0,0,0,0,"Háskólar"
"2013-2014","Háskóli Íslands","Sérsafn","Native",1,0,3,3,2,1,0,0,0,0,0,0,0,0,0,0,0,0,0,0,0,"Háskólar"
"2014-2015","Háskóli Íslands","Sérsafn","Native",2,2,9,9,5,0,0,0,1,0,0,0,0,0,0,0,0,0,0,0,0,"Háskólar"
"2015-2016","Háskóli Íslands","Sérsafn","Native",2,2,4,1,0,1,0,0,0,0,0,0,0,0,0,0,0,0,0,0,0,"Háskólar"
"2012-2013","Háskólinn í Reykjavík","Tækni- og verkfræðideild","Native",1,1,13,13,0,5,3,5,0,0,0,0,0,0,0,0,0,0,0,0,0,"Háskólar"
"2013-2014","Háskólinn í Reykjavík","Tækni- og verkfræðideild","Native",12,8,156,156,8,119,19,8,0,3,0,18,0,0,14,2,2,0,0,0,0,"Háskólar"
"2014-2015","Háskólinn í Reykjavík","Tækni- og verkfræðideild","Native",16,8,140,140,4,87,20,12,14,69,0,1097,0,0,20,1036,41,0,0,0,101,"Háskólar"
"2015-2016","Háskólinn í Reykjavík","Tækni- og verkfræðideild","Native",8,5,85,85,21,56,6,2,0,64,0,1034,0,0,32,1001,1,0,0,0,88,"Háskólar"
"2016-2017","Háskólinn í Reykjavík","Tækni- og verkfræðideild","Native",7,6,87,89,5,55,15,5,7,1,0,1,0,0,0,1,0,0,0,0,0,"Háskólar"
"2017-2018","Háskólinn í Reykjavík","Tækni- og verkfræðideild","Native",6,3,38,38,0,24,10,3,1,0,0,0,0,0,0,0,0,0,0,0,0,"Háskólar"
"2018-2019","Háskólinn í Reykjavík","Tækni- og verkfræðideild","Native",3,3,33,33,0,14,8,9,2,0,0,0,0,0,0,0,0,0,0,0,0,"Háskólar"
"2019-2020","Háskólinn í Reykjavík","Tækni- og verkfræðideild","Native",2,2,3,3,0,2,1,0,0,0,0,0,0,0,0,0,0,0,0,0,0,"Háskólar"
"2018-2019","Tækniskólinn","Tækniskólinn","Native",6,2,3,6,0,1,2,0,3,0,0,0,0,0,0,0,0,0,0,0,0,"Framhaldsskólar"
"2019-2020","Tækniskólinn","Tækniskólinn","Native",5,4,11,14,4,8,1,0,1,2,0,111,2,0,0,0,0,109,0,0,0,"Framhaldsskólar"
"2014-2015","Háskóli Íslands","Þverfræðilegt framhaldsnám","Native",4,0,3,3,1,1,1,0,0,0,0,0,0,0,0,0,0,0,0,0,0,"Háskólar"
"2015-2016","Háskóli Íslands","Þverfræðilegt framhaldsnám","Native",7,4,7,7,0,4,1,0,1,0,0,0,0,0,0,0,0,0,0,0,0,"Háskólar"
"2016-2017","Háskóli Íslands","Þverfræðilegt framhaldsnám","Native",13,12,133,135,6,92,27,4,4,2,0,23,0,0,23,0,0,0,0,0,0,"Háskólar"
"2017-2018","Háskóli Íslands","Þverfræðilegt framhaldsnám","Native",14,13,118,123,13,88,16,4,2,0,0,0,0,0,0,0,0,0,0,0,0,"Háskólar"
"2018-2019","Háskóli Íslands","Þverfræðilegt framhaldsnám","Native",25,16,112,108,3,73,24,5,3,0,0,0,0,0,0,0,0,0,0,0,0,"Háskólar"
"2019-2020","Háskóli Íslands","Þverfræðilegt framhaldsnám","Native",13,10,124,118,2,83,25,1,7,0,0,0,0,0,0,0,0,0,0,0,0,"Háskólar"
"2012-2013","Háskólinn í Reykjavík","Tölvunarfræðideild","Native",3,2,87,87,0,71,14,2,0,0,0,0,0,0,0,0,0,0,0,0,0,"Háskólar"
"2013-2014","Háskólinn í Reykjavík","Tölvunarfræðideild","Native",4,4,55,55,1,47,7,0,0,1,0,4,0,0,0,4,0,0,0,0,0,"Háskólar"
"2014-2015","Háskólinn í Reykjavík","Tölvunarfræðideild","Native",4,3,139,139,2,117,17,2,1,85,82,247,81,0,92,70,4,0,0,0,0,"Háskólar"
"2015-2016","Háskólinn í Reykjavík","Tölvunarfræðideild","Native",5,5,686,686,60,412,192,20,0,717,609,1815,86,0,77,1645,7,0,0,0,237,"Háskólar"
"2016-2017","Háskólinn í Reykjavík","Tölvunarfræðideild","Native",7,5,408,459,21,339,79,20,0,296,277,786,38,0,134,614,0,0,0,0,66,"Háskólar"
"2018-2019","University Centre of the Westfjords","University Centre of the Westfjords","Native",20,8,153,262,2,200,51,4,5,0,0,0,0,0,0,0,0,0,0,0,0,"Háskólar"
"2019-2020","University Centre of the Westfjords","University Centre of the Westfjords","Native",7,3,45,51,0,38,4,5,1,0,0,0,0,0,0,0,0,0,0,0,0,"Háskólar"
"2011-2012","Háskóli Íslands","Verkefnisstjórn Uglu","Native",1,1,3,0,0,0,0,0,0,0,0,0,0,0,0,0,0,0,0,0,0,"Háskólar"
"2011-2012","Háskóli Íslands","Verkfræði- og náttúruvísindasvið","Native",4,3,54,53,0,28,23,2,0,0,0,0,0,0,0,0,0,0,0,0,0,"Háskólar"
"2012-2013","Háskóli Íslands","Verkfræði- og náttúruvísindasvið","Native",12,6,35,35,1,9,9,6,9,0,0,0,0,0,0,0,0,0,0,0,0,"Háskólar"
"2013-2014","Háskóli Íslands","Verkfræði- og náttúruvísindasvið","Native",28,13,154,152,6,98,25,8,5,14,12,252,5,0,38,209,0,0,0,0,0,"Háskólar"
"2014-2015","Háskóli Íslands","Verkfræði- og náttúruvísindasvið","Native",47,22,224,224,7,178,26,9,3,13,6,190,6,0,51,78,25,0,30,0,0,"Háskólar"
"2015-2016","Háskóli Íslands","Verkfræði- og náttúruvísindasvið","Native",41,22,409,408,41,307,35,15,5,18,5,187,11,0,16,122,38,0,0,0,0,"Háskólar"
"2016-2017","Háskóli Íslands","Verkfræði- og náttúruvísindasvið","Native",75,20,513,523,24,380,92,17,9,20,1,371,13,0,16,342,0,0,0,0,0,"Háskólar"
"2017-2018","Háskóli Íslands","Verkfræði- og náttúruvísindasvið","Native",129,34,425,558,11,453,73,16,2,2,0,74,0,0,0,62,0,0,12,0,0,"Háskólar"
"2018-2019","Háskóli Íslands","Verkfræði- og náttúruvísindasvið","Native",103,24,448,452,13,380,43,12,4,17,8,17,16,0,0,1,0,0,0,0,0,"Háskólar"
"2019-2020","Háskóli Íslands","Verkfræði- og náttúruvísindasvið","Native",107,39,319,321,5,227,68,14,4,14,0,890,13,0,0,1,0,876,0,0,0,"Háskólar"
"2017-2018","Verkmenntaskólinn á Akureyri","Verkmenntaskólinn á Akureyri","Native",10,3,2,2,0,1,0,0,0,0,0,0,0,0,0,0,0,0,0,0,0,"Framhaldsskólar"
"2018-2019","Verkmenntaskólinn á Akureyri","Verkmenntaskólinn á Akureyri","Native",16,4,327,327,47,149,28,13,6,0,0,0,0,0,0,0,0,0,0,0,0,"Framhaldsskólar"
"2012-2013","Verzlunarskóli Íslands","Verzlunarskóli Íslands","Native",13,1,2,2,0,1,0,1,0,0,0,0,0,0,0,0,0,0,0,0,0,"Framhaldsskólar"
"2016-2017","Verzlunarskóli Íslands","Verzlunarskóli Íslands","Native",36,5,89,89,49,21,1,0,2,1,0,4,0,0,3,1,0,0,0,0,0,"Framhaldsskólar"
"2017-2018","Verzlunarskóli Íslands","Verzlunarskóli Íslands","Native",95,16,541,541,366,155,4,4,8,0,0,0,0,0,0,0,0,0,0,0,0,"Framhaldsskólar"
"2018-2019","Verzlunarskóli Íslands","Verzlunarskóli Íslands","Native",40,3,51,50,34,15,0,1,0,0,0,0,0,0,0,0,0,0,0,0,0,"Framhaldsskólar"
"2012-2013","Háskólinn í Reykjavík","Viðskiptadeild","Native",17,11,92,91,6,55,22,3,4,0,0,0,0,0,0,0,0,0,0,0,0,"Háskólar"
"2013-2014","Háskólinn í Reykjavík","Viðskiptadeild","Native",30,19,224,221,10,156,39,5,4,5,0,12,0,0,4,3,0,0,0,5,0,"Háskólar"
"2014-2015","Háskólinn í Reykjavík","Viðskiptadeild","Native",35,22,355,353,47,206,71,12,12,5,0,15,0,0,3,2,0,0,0,10,0,"Háskólar"
"2015-2016","Háskólinn í Reykjavík","Viðskiptadeild","Native",57,37,824,799,181,446,101,21,12,3,0,6,0,0,5,1,0,0,0,0,0,"Háskólar"
"2016-2017","Háskólinn í Reykjavík","Viðskiptadeild","Native",62,39,784,957,83,716,121,25,12,2,0,3,0,0,2,1,0,0,0,0,0,"Háskólar"
"2017-2018","Háskólinn í Reykjavík","Viðskiptadeild","Native",21,15,63,77,1,42,22,4,5,0,0,0,0,0,0,0,0,0,0,0,0,"Háskólar"
"2018-2019","Háskólinn í Reykjavík","Viðskiptadeild","Native",14,12,71,92,24,31,5,8,9,0,0,0,0,0,0,0,0,0,0,0,0,"Háskólar"
"2019-2020","Háskólinn í Reykjavík","Viðskiptadeild","Native",4,4,11,12,0,4,5,3,0,0,0,0,0,0,0,0,0,0,0,0,0,"Háskólar"
"2013-2014","Háskóli Íslands","Vísinda- og nýsköpunarsvið","Native",1,0,3,2,0,0,0,0,0,0,0,0,0,0,0,0,0,0,0,0,0,"Háskólar"
